bedrooms,bathrooms,area,zipcode,imagen_mosaico,bathroom_image,bedroom_image,kitchen_image,frontal_image,price
4,4,4053,85255,1.png,1_bathroom.jpg,1_bedroom.jpg,1_kitchen.jpg,1_frontal.jpg,869500
4,3,3343,36372,2.png,2_bathroom.jpg,2_bedroom.jpg,2_kitchen.jpg,2_frontal.jpg,865200
3,4,3923,85266,3.png,3_bathroom.jpg,3_bedroom.jpg,3_kitchen.jpg,3_frontal.jpg,889000
5,5,4022,85262,4.png,4_bathroom.jpg,4_bedroom.jpg,4_kitchen.jpg,4_frontal.jpg,910000
3,4,4116,85266,5.png,5_bathroom.jpg,5_bedroom.jpg,5_kitchen.jpg,5_frontal.jpg,971226
4,5,4581,85266,6.png,6_bathroom.jpg,6_bedroom.jpg,6_kitchen.jpg,6_frontal.jpg,1249000
3,4,2544,85262,7.png,7_bathroom.jpg,7_bedroom.jpg,7_kitchen.jpg,7_frontal.jpg,799000
4,5,5524,85266,8.png,8_bathroom.jpg,8_bedroom.jpg,8_kitchen.jpg,8_frontal.jpg,1698000
3,4,4229,85255,9.png,9_bathroom.jpg,9_bedroom.jpg,9_kitchen.jpg,9_frontal.jpg,1749000
4,5,3550,85262,10.png,10_bathroom.jpg,10_bedroom.jpg,10_kitchen.jpg,10_frontal.jpg,1500000
5,5,4829,85266,11.png,11_bathroom.jpg,11_bedroom.jpg,11_kitchen.jpg,11_frontal.jpg,519200
4,4,3428,85255,12.png,12_bathroom.jpg,12_bedroom.jpg,12_kitchen.jpg,12_frontal.jpg,1039000
5,3,5462,85266,13.png,13_bathroom.jpg,13_bedroom.jpg,13_kitchen.jpg,13_frontal.jpg,799000
4,4,4021,85266,14.png,14_bathroom.jpg,14_bedroom.jpg,14_kitchen.jpg,14_frontal.jpg,889000
5,5,4406,85266,15.png,15_bathroom.jpg,15_bedroom.jpg,15_kitchen.jpg,15_frontal.jpg,700000
4,4,3721,85255,16.png,16_bathroom.jpg,16_bedroom.jpg,16_kitchen.jpg,16_frontal.jpg,500000
5,3,3710,85331,17.png,17_bathroom.jpg,17_bedroom.jpg,17_kitchen.jpg,17_frontal.jpg,740000
3,4,2748,85255,18.png,18_bathroom.jpg,18_bedroom.jpg,18_kitchen.jpg,18_frontal.jpg,725000
5,4,4190,85255,19.png,19_bathroom.jpg,19_bedroom.jpg,19_kitchen.jpg,19_frontal.jpg,1199000
3,3.5,4143,85266,20.png,20_bathroom.jpg,20_bedroom.jpg,20_kitchen.jpg,20_frontal.jpg,925000
3,3.5,4229,85255,21.png,21_bathroom.jpg,21_bedroom.jpg,21_kitchen.jpg,21_frontal.jpg,1749000
6,6.5,5963,85262,22.png,22_bathroom.jpg,22_bedroom.jpg,22_kitchen.jpg,22_frontal.jpg,1595000
3,3,2685,85255,23.png,23_bathroom.jpg,23_bedroom.jpg,23_kitchen.jpg,23_frontal.jpg,799900
5,5,5677,85377,24.png,24_bathroom.jpg,24_bedroom.jpg,24_kitchen.jpg,24_frontal.jpg,1375000
4,4.5,4031,85262,25.png,25_bathroom.jpg,25_bedroom.jpg,25_kitchen.jpg,25_frontal.jpg,1345000
4,4,4954,85262,26.png,26_bathroom.jpg,26_bedroom.jpg,26_kitchen.jpg,26_frontal.jpg,1290000
4,4.5,3550,85262,27.png,27_bathroom.jpg,27_bedroom.jpg,27_kitchen.jpg,27_frontal.jpg,962500
5,4.5,4180,85266,28.png,28_bathroom.jpg,28_bedroom.jpg,28_kitchen.jpg,28_frontal.jpg,875000
4,4,4464,85377,29.png,29_bathroom.jpg,29_bedroom.jpg,29_kitchen.jpg,29_frontal.jpg,1650000
5,4.5,4829,85266,30.png,30_bathroom.jpg,30_bedroom.jpg,30_kitchen.jpg,30_frontal.jpg,1199000
5,3,2520,93446,31.png,31_bathroom.jpg,31_bedroom.jpg,31_kitchen.jpg,31_frontal.jpg,789000
4,3.5,3428,85255,32.png,32_bathroom.jpg,32_bedroom.jpg,32_kitchen.jpg,32_frontal.jpg,1039000
3,2,1802,93446,33.png,33_bathroom.jpg,33_bedroom.jpg,33_kitchen.jpg,33_frontal.jpg,365000
3,3.5,2873,85262,34.png,34_bathroom.jpg,34_bedroom.jpg,34_kitchen.jpg,34_frontal.jpg,1695000
4,4,3260,85377,35.png,35_bathroom.jpg,35_bedroom.jpg,35_kitchen.jpg,35_frontal.jpg,999000
3,4.5,3893,85255,36.png,36_bathroom.jpg,36_bedroom.jpg,36_kitchen.jpg,36_frontal.jpg,1294000
5,5.5,3932,85262,37.png,37_bathroom.jpg,37_bedroom.jpg,37_kitchen.jpg,37_frontal.jpg,1089000
3,3.5,2792,85255,38.png,38_bathroom.jpg,38_bedroom.jpg,38_kitchen.jpg,38_frontal.jpg,799900
3,4.5,4228,85255,39.png,39_bathroom.jpg,39_bedroom.jpg,39_kitchen.jpg,39_frontal.jpg,1229000
3,3,2146,93446,40.png,40_bathroom.jpg,40_bedroom.jpg,40_kitchen.jpg,40_frontal.jpg,455000
4,1,9583,98021,41.png,41_bathroom.jpg,41_bedroom.jpg,41_kitchen.jpg,41_frontal.jpg,395000
5,2,7627,98021,42.png,42_bathroom.jpg,42_bedroom.jpg,42_kitchen.jpg,42_frontal.jpg,638940
3,2,2153,98021,43.png,43_bathroom.jpg,43_bedroom.jpg,43_kitchen.jpg,43_frontal.jpg,435000
3,2.5,2014,98021,44.png,44_bathroom.jpg,44_bedroom.jpg,44_kitchen.jpg,44_frontal.jpg,528800
4,2,1928,81524,45.png,45_bathroom.jpg,45_bedroom.jpg,45_kitchen.jpg,45_frontal.jpg,350000
3,3,2134,81524,46.png,46_bathroom.jpg,46_bedroom.jpg,46_kitchen.jpg,46_frontal.jpg,425000
4,3,2504,81524,47.png,47_bathroom.jpg,47_bedroom.jpg,47_kitchen.jpg,47_frontal.jpg,500000
3,3,2462,81524,48.png,48_bathroom.jpg,48_bedroom.jpg,48_kitchen.jpg,48_frontal.jpg,589900
4,3,3904,81418,49.png,49_bathroom.jpg,49_bedroom.jpg,49_kitchen.jpg,49_frontal.jpg,419000
3,2,2034,81418,50.png,50_bathroom.jpg,50_bedroom.jpg,50_kitchen.jpg,50_frontal.jpg,415000
3,2,1594,81521,51.png,51_bathroom.jpg,51_bedroom.jpg,51_kitchen.jpg,51_frontal.jpg,214900
4,2,2957,81524,52.png,52_bathroom.jpg,52_bedroom.jpg,52_kitchen.jpg,52_frontal.jpg,699900
3,3,1894,81524,53.png,53_bathroom.jpg,53_bedroom.jpg,53_kitchen.jpg,53_frontal.jpg,449000
4,2,2128,81524,54.png,54_bathroom.jpg,54_bedroom.jpg,54_kitchen.jpg,54_frontal.jpg,249900
5,3,3267,81524,55.png,55_bathroom.jpg,55_bedroom.jpg,55_kitchen.jpg,55_frontal.jpg,595999
3,3,2836,81524,56.png,56_bathroom.jpg,56_bedroom.jpg,56_kitchen.jpg,56_frontal.jpg,535000
4,3,2174,81524,57.png,57_bathroom.jpg,57_bedroom.jpg,57_kitchen.jpg,57_frontal.jpg,439900
3,2,1508,81524,58.png,58_bathroom.jpg,58_bedroom.jpg,58_kitchen.jpg,58_frontal.jpg,450000
3,2,2288,62214,59.png,59_bathroom.jpg,59_bedroom.jpg,59_kitchen.jpg,59_frontal.jpg,196000
3,2,1709,62234,60.png,60_bathroom.jpg,60_bedroom.jpg,60_kitchen.jpg,60_frontal.jpg,104900
3,2.5,1776,62034,61.png,61_bathroom.jpg,61_bedroom.jpg,61_kitchen.jpg,61_frontal.jpg,209900
5,3.5,4560,62025,62.png,62_bathroom.jpg,62_bedroom.jpg,62_kitchen.jpg,62_frontal.jpg,520000
4,3,2686,62025,63.png,63_bathroom.jpg,63_bedroom.jpg,63_kitchen.jpg,63_frontal.jpg,249900
3,2,1201,62088,64.png,64_bathroom.jpg,64_bedroom.jpg,64_kitchen.jpg,64_frontal.jpg,119000
4,2.5,2850,62234,65.png,65_bathroom.jpg,65_bedroom.jpg,65_kitchen.jpg,65_frontal.jpg,218000
4,3.5,3768,62234,66.png,66_bathroom.jpg,66_bedroom.jpg,66_kitchen.jpg,66_frontal.jpg,254900
3,2.5,2750,62234,67.png,67_bathroom.jpg,67_bedroom.jpg,67_kitchen.jpg,67_frontal.jpg,219500
4,3,2851,62234,68.png,68_bathroom.jpg,68_bedroom.jpg,68_kitchen.jpg,68_frontal.jpg,186500
4,1.5,1254,62234,69.png,69_bathroom.jpg,69_bedroom.jpg,69_kitchen.jpg,69_frontal.jpg,94500
4,4.5,3740,62249,70.png,70_bathroom.jpg,70_bedroom.jpg,70_kitchen.jpg,70_frontal.jpg,339900
3,2.5,3233,62234,71.png,71_bathroom.jpg,71_bedroom.jpg,71_kitchen.jpg,71_frontal.jpg,259000
3,2,2288,62214,72.png,72_bathroom.jpg,72_bedroom.jpg,72_kitchen.jpg,72_frontal.jpg,196000
4,3,2256,62214,73.png,73_bathroom.jpg,73_bedroom.jpg,73_kitchen.jpg,73_frontal.jpg,144900
3,2,2154,60002,74.png,74_bathroom.jpg,74_bedroom.jpg,74_kitchen.jpg,74_frontal.jpg,349900
4,3.5,2116,60002,75.png,75_bathroom.jpg,75_bedroom.jpg,75_kitchen.jpg,75_frontal.jpg,229000
3,2,1600,62214,76.png,76_bathroom.jpg,76_bedroom.jpg,76_kitchen.jpg,76_frontal.jpg,184900
3,2.5,2172,60002,77.png,77_bathroom.jpg,77_bedroom.jpg,77_kitchen.jpg,77_frontal.jpg,225000
4,2.5,3316,60046,78.png,78_bathroom.jpg,78_bedroom.jpg,78_kitchen.jpg,78_frontal.jpg,289900
4,2,7841,60016,79.png,79_bathroom.jpg,79_bedroom.jpg,79_kitchen.jpg,79_frontal.jpg,299000
3,2,1200,60016,80.png,80_bathroom.jpg,80_bedroom.jpg,80_kitchen.jpg,80_frontal.jpg,224900
4,2.5,2464,91901,81.png,81_bathroom.jpg,81_bedroom.jpg,81_kitchen.jpg,81_frontal.jpg,599000
2,2,1845,91901,82.png,82_bathroom.jpg,82_bedroom.jpg,82_kitchen.jpg,82_frontal.jpg,529800
2,1,1184,91901,83.png,83_bathroom.jpg,83_bedroom.jpg,83_kitchen.jpg,83_frontal.jpg,397500
4,2.5,3060,91901,84.png,84_bathroom.jpg,84_bedroom.jpg,84_kitchen.jpg,84_frontal.jpg,699999
3,2.5,2733,91901,85.png,85_bathroom.jpg,85_bedroom.jpg,85_kitchen.jpg,85_frontal.jpg,689000
3,2,1706,91901,86.png,86_bathroom.jpg,86_bedroom.jpg,86_kitchen.jpg,86_frontal.jpg,529000
5,4.5,4886,91901,87.png,87_bathroom.jpg,87_bedroom.jpg,87_kitchen.jpg,87_frontal.jpg,1430000
4,3.5,3029,91901,88.png,88_bathroom.jpg,88_bedroom.jpg,88_kitchen.jpg,88_frontal.jpg,825000
4,2.5,2620,91901,89.png,89_bathroom.jpg,89_bedroom.jpg,89_kitchen.jpg,89_frontal.jpg,619000
7,4,2929,91901,90.png,90_bathroom.jpg,90_bedroom.jpg,90_kitchen.jpg,90_frontal.jpg,625000
4,3.5,3328,91901,91.png,91_bathroom.jpg,91_bedroom.jpg,91_kitchen.jpg,91_frontal.jpg,1095000
3,2,2250,91901,92.png,92_bathroom.jpg,92_bedroom.jpg,92_kitchen.jpg,92_frontal.jpg,625000
3,2.5,2836,91901,93.png,93_bathroom.jpg,93_bedroom.jpg,93_kitchen.jpg,93_frontal.jpg,979000
2,2.5,1499,91901,94.png,94_bathroom.jpg,94_bedroom.jpg,94_kitchen.jpg,94_frontal.jpg,539000
3,2,960,91901,95.png,95_bathroom.jpg,95_bedroom.jpg,95_kitchen.jpg,95_frontal.jpg,65000
3,2,2671,91901,96.png,96_bathroom.jpg,96_bedroom.jpg,96_kitchen.jpg,96_frontal.jpg,521500
5,3,3747,91901,97.png,97_bathroom.jpg,97_bedroom.jpg,97_kitchen.jpg,97_frontal.jpg,925000
3,2.5,1675,91901,98.png,98_bathroom.jpg,98_bedroom.jpg,98_kitchen.jpg,98_frontal.jpg,470000
4,2.5,3115,93446,99.png,99_bathroom.jpg,99_bedroom.jpg,99_kitchen.jpg,99_frontal.jpg,629000
4,3.5,3426,91901,100.png,100_bathroom.jpg,100_bedroom.jpg,100_kitchen.jpg,100_frontal.jpg,679000
3,2,1288,91901,101.png,101_bathroom.jpg,101_bedroom.jpg,101_kitchen.jpg,101_frontal.jpg,549000
4,4,4042,91901,102.png,102_bathroom.jpg,102_bedroom.jpg,102_kitchen.jpg,102_frontal.jpg,769000
2,2,1005,91901,103.png,103_bathroom.jpg,103_bedroom.jpg,103_kitchen.jpg,103_frontal.jpg,245900
4,2.5,2726,91901,104.png,104_bathroom.jpg,104_bedroom.jpg,104_kitchen.jpg,104_frontal.jpg,644900
3,3,1937,91901,105.png,105_bathroom.jpg,105_bedroom.jpg,105_kitchen.jpg,105_frontal.jpg,895000
3,2.5,2445,91901,106.png,106_bathroom.jpg,106_bedroom.jpg,106_kitchen.jpg,106_frontal.jpg,699000
3,2,1826,93446,107.png,107_bathroom.jpg,107_bedroom.jpg,107_kitchen.jpg,107_frontal.jpg,529000
4,3.5,1084,91901,108.png,108_bathroom.jpg,108_bedroom.jpg,108_kitchen.jpg,108_frontal.jpg,875000
4,3,3706,91901,109.png,109_bathroom.jpg,109_bedroom.jpg,109_kitchen.jpg,109_frontal.jpg,848000
5,4.5,4874,91901,110.png,110_bathroom.jpg,110_bedroom.jpg,110_kitchen.jpg,110_frontal.jpg,1499000
4,3,3277,91901,111.png,111_bathroom.jpg,111_bedroom.jpg,111_kitchen.jpg,111_frontal.jpg,669000
3,3.5,4289,91901,112.png,112_bathroom.jpg,112_bedroom.jpg,112_kitchen.jpg,112_frontal.jpg,1195000
5,3.5,3778,91901,113.png,113_bathroom.jpg,113_bedroom.jpg,113_kitchen.jpg,113_frontal.jpg,949000
4,3,1613,91901,114.png,114_bathroom.jpg,114_bedroom.jpg,114_kitchen.jpg,114_frontal.jpg,749900
3,2,1382,92021,115.png,115_bathroom.jpg,115_bedroom.jpg,115_kitchen.jpg,115_frontal.jpg,429900
3,2.5,3300,92021,116.png,116_bathroom.jpg,116_bedroom.jpg,116_kitchen.jpg,116_frontal.jpg,935000
4,2,1771,92021,117.png,117_bathroom.jpg,117_bedroom.jpg,117_kitchen.jpg,117_frontal.jpg,475000
3,2.5,1915,92021,118.png,118_bathroom.jpg,118_bedroom.jpg,118_kitchen.jpg,118_frontal.jpg,485000
3,2.5,1680,92021,119.png,119_bathroom.jpg,119_bedroom.jpg,119_kitchen.jpg,119_frontal.jpg,389000
4,2,1696,92021,120.png,120_bathroom.jpg,120_bedroom.jpg,120_kitchen.jpg,120_frontal.jpg,379000
4,2,2150,92021,121.png,121_bathroom.jpg,121_bedroom.jpg,121_kitchen.jpg,121_frontal.jpg,578000
3,2,1611,92021,122.png,122_bathroom.jpg,122_bedroom.jpg,122_kitchen.jpg,122_frontal.jpg,575000
5,3,4200,92021,123.png,123_bathroom.jpg,123_bedroom.jpg,123_kitchen.jpg,123_frontal.jpg,799000
4,2.5,2319,92021,124.png,124_bathroom.jpg,124_bedroom.jpg,124_kitchen.jpg,124_frontal.jpg,699800
4,4.5,3885,92021,125.png,125_bathroom.jpg,125_bedroom.jpg,125_kitchen.jpg,125_frontal.jpg,825500
6,6.5,7000,92677,126.png,126_bathroom.jpg,126_bedroom.jpg,126_kitchen.jpg,126_frontal.jpg,3850000
4,2.5,6000,92677,127.png,127_bathroom.jpg,127_bedroom.jpg,127_kitchen.jpg,127_frontal.jpg,869000
2,2.5,915,92677,128.png,128_bathroom.jpg,128_bedroom.jpg,128_kitchen.jpg,128_frontal.jpg,347000
4,3,2965,92677,129.png,129_bathroom.jpg,129_bedroom.jpg,129_kitchen.jpg,129_frontal.jpg,1349000
3,3,1825,92677,130.png,130_bathroom.jpg,130_bedroom.jpg,130_kitchen.jpg,130_frontal.jpg,685000
4,3.5,3100,92677,131.png,131_bathroom.jpg,131_bedroom.jpg,131_kitchen.jpg,131_frontal.jpg,1499999
3,2,1235,92677,132.png,132_bathroom.jpg,132_bedroom.jpg,132_kitchen.jpg,132_frontal.jpg,469900
3,2.5,2248,92677,133.png,133_bathroom.jpg,133_bedroom.jpg,133_kitchen.jpg,133_frontal.jpg,1199000
7,7,3265,92677,134.png,134_bathroom.jpg,134_bedroom.jpg,134_kitchen.jpg,134_frontal.jpg,1200000
2,1,839,92677,135.png,135_bathroom.jpg,135_bedroom.jpg,135_kitchen.jpg,135_frontal.jpg,324999
4,3.5,2441,92677,136.png,136_bathroom.jpg,136_bedroom.jpg,136_kitchen.jpg,136_frontal.jpg,895500
3,3.5,2800,92677,137.png,137_bathroom.jpg,137_bedroom.jpg,137_kitchen.jpg,137_frontal.jpg,1399999
1,1,800,92677,138.png,138_bathroom.jpg,138_bedroom.jpg,138_kitchen.jpg,138_frontal.jpg,335000
2,2,1171,92677,139.png,139_bathroom.jpg,139_bedroom.jpg,139_kitchen.jpg,139_frontal.jpg,389900
2,2,1935,92677,140.png,140_bathroom.jpg,140_bedroom.jpg,140_kitchen.jpg,140_frontal.jpg,738000
3,2.5,1819,92677,141.png,141_bathroom.jpg,141_bedroom.jpg,141_kitchen.jpg,141_frontal.jpg,798800
3,2.5,1950,92677,142.png,142_bathroom.jpg,142_bedroom.jpg,142_kitchen.jpg,142_frontal.jpg,895000
3,2,1303,92677,143.png,143_bathroom.jpg,143_bedroom.jpg,143_kitchen.jpg,143_frontal.jpg,619000
4,3,2614,92677,144.png,144_bathroom.jpg,144_bedroom.jpg,144_kitchen.jpg,144_frontal.jpg,1045000
3,2.5,2141,92677,145.png,145_bathroom.jpg,145_bedroom.jpg,145_kitchen.jpg,145_frontal.jpg,750000
3,2.5,1655,92677,146.png,146_bathroom.jpg,146_bedroom.jpg,146_kitchen.jpg,146_frontal.jpg,649900
3,2.5,2225,92677,147.png,147_bathroom.jpg,147_bedroom.jpg,147_kitchen.jpg,147_frontal.jpg,949000
3,2.5,2125,92677,148.png,148_bathroom.jpg,148_bedroom.jpg,148_kitchen.jpg,148_frontal.jpg,728000
5,3.5,4245,92677,149.png,149_bathroom.jpg,149_bedroom.jpg,149_kitchen.jpg,149_frontal.jpg,1895000
4,4.5,4038,92677,150.png,150_bathroom.jpg,150_bedroom.jpg,150_kitchen.jpg,150_frontal.jpg,1795000
5,4,3489,92677,151.png,151_bathroom.jpg,151_bedroom.jpg,151_kitchen.jpg,151_frontal.jpg,1650000
3,2.5,1808,96019,152.png,152_bathroom.jpg,152_bedroom.jpg,152_kitchen.jpg,152_frontal.jpg,219800
2,2,1056,96019,153.png,153_bathroom.jpg,153_bedroom.jpg,153_kitchen.jpg,153_frontal.jpg,22000
4,2,1881,96019,154.png,154_bathroom.jpg,154_bedroom.jpg,154_kitchen.jpg,154_frontal.jpg,245000
3,1,1132,96019,155.png,155_bathroom.jpg,155_bedroom.jpg,155_kitchen.jpg,155_frontal.jpg,170000
3,2,1372,96019,156.png,156_bathroom.jpg,156_bedroom.jpg,156_kitchen.jpg,156_frontal.jpg,178000
3,2,1560,96019,157.png,157_bathroom.jpg,157_bedroom.jpg,157_kitchen.jpg,157_frontal.jpg,1795000
3,2,1306,96019,158.png,158_bathroom.jpg,158_bedroom.jpg,158_kitchen.jpg,158_frontal.jpg,239900
3,2,1736,96019,159.png,159_bathroom.jpg,159_bedroom.jpg,159_kitchen.jpg,159_frontal.jpg,239900
4,3.5,2900,96019,160.png,160_bathroom.jpg,160_bedroom.jpg,160_kitchen.jpg,160_frontal.jpg,449900
4,2,1768,96019,161.png,161_bathroom.jpg,161_bedroom.jpg,161_kitchen.jpg,161_frontal.jpg,279900
3,2,1008,96019,162.png,162_bathroom.jpg,162_bedroom.jpg,162_kitchen.jpg,162_frontal.jpg,164000
3,2,1696,96019,163.png,163_bathroom.jpg,163_bedroom.jpg,163_kitchen.jpg,163_frontal.jpg,319500
4,2.5,1580,95220,164.png,164_bathroom.jpg,164_bedroom.jpg,164_kitchen.jpg,164_frontal.jpg,475000
4,3,2462,95220,165.png,165_bathroom.jpg,165_bedroom.jpg,165_kitchen.jpg,165_frontal.jpg,915000
4,3,3548,95220,166.png,166_bathroom.jpg,166_bedroom.jpg,166_kitchen.jpg,166_frontal.jpg,824999
4,2.5,2508,95220,167.png,167_bathroom.jpg,167_bedroom.jpg,167_kitchen.jpg,167_frontal.jpg,699700
4,3,1909,95220,168.png,168_bathroom.jpg,168_bedroom.jpg,168_kitchen.jpg,168_frontal.jpg,649000
3,2.5,3467,95220,169.png,169_bathroom.jpg,169_bedroom.jpg,169_kitchen.jpg,169_frontal.jpg,1449000
3,3.5,3172,95220,170.png,170_bathroom.jpg,170_bedroom.jpg,170_kitchen.jpg,170_frontal.jpg,899900
4,3.5,4838,95220,171.png,171_bathroom.jpg,171_bedroom.jpg,171_kitchen.jpg,171_frontal.jpg,1999999
4,3,2840,95220,172.png,172_bathroom.jpg,172_bedroom.jpg,172_kitchen.jpg,172_frontal.jpg,799900
4,3.5,5050,95220,173.png,173_bathroom.jpg,173_bedroom.jpg,173_kitchen.jpg,173_frontal.jpg,1600000
3,2,1299,94501,174.png,174_bathroom.jpg,174_bedroom.jpg,174_kitchen.jpg,174_frontal.jpg,739000
2,1,1065,94501,175.png,175_bathroom.jpg,175_bedroom.jpg,175_kitchen.jpg,175_frontal.jpg,629000
1,1,701,94501,176.png,176_bathroom.jpg,176_bedroom.jpg,176_kitchen.jpg,176_frontal.jpg,339000
2,2,1313,94501,177.png,177_bathroom.jpg,177_bedroom.jpg,177_kitchen.jpg,177_frontal.jpg,750000
3,2,2078,94501,178.png,178_bathroom.jpg,178_bedroom.jpg,178_kitchen.jpg,178_frontal.jpg,888000
3,1.5,1524,94501,179.png,179_bathroom.jpg,179_bedroom.jpg,179_kitchen.jpg,179_frontal.jpg,749000
3,2,1789,94501,180.png,180_bathroom.jpg,180_bedroom.jpg,180_kitchen.jpg,180_frontal.jpg,895000
2,1.5,1120,94501,181.png,181_bathroom.jpg,181_bedroom.jpg,181_kitchen.jpg,181_frontal.jpg,435000
3,2.5,2185,94501,182.png,182_bathroom.jpg,182_bedroom.jpg,182_kitchen.jpg,182_frontal.jpg,490000
3,1.5,1253,94501,183.png,183_bathroom.jpg,183_bedroom.jpg,183_kitchen.jpg,183_frontal.jpg,599000
2,1,766,94501,184.png,184_bathroom.jpg,184_bedroom.jpg,184_kitchen.jpg,184_frontal.jpg,598000
5,3.5,2879,94501,185.png,185_bathroom.jpg,185_bedroom.jpg,185_kitchen.jpg,185_frontal.jpg,1327685
6,4,3492,94501,186.png,186_bathroom.jpg,186_bedroom.jpg,186_kitchen.jpg,186_frontal.jpg,1495000
4,3.5,3485,94501,187.png,187_bathroom.jpg,187_bedroom.jpg,187_kitchen.jpg,187_frontal.jpg,1895000
4,2,1634,94501,188.png,188_bathroom.jpg,188_bedroom.jpg,188_kitchen.jpg,188_frontal.jpg,899000
4,2.5,2020,94501,189.png,189_bathroom.jpg,189_bedroom.jpg,189_kitchen.jpg,189_frontal.jpg,825000
3,1.5,1364,94501,190.png,190_bathroom.jpg,190_bedroom.jpg,190_kitchen.jpg,190_frontal.jpg,729000
4,2.5,2300,94501,191.png,191_bathroom.jpg,191_bedroom.jpg,191_kitchen.jpg,191_frontal.jpg,1188000
2,2,951,94501,192.png,192_bathroom.jpg,192_bedroom.jpg,192_kitchen.jpg,192_frontal.jpg,538800
3,2,1490,94501,193.png,193_bathroom.jpg,193_bedroom.jpg,193_kitchen.jpg,193_frontal.jpg,949000
2,1,834,94501,194.png,194_bathroom.jpg,194_bedroom.jpg,194_kitchen.jpg,194_frontal.jpg,549000
2,1,805,94501,195.png,195_bathroom.jpg,195_bedroom.jpg,195_kitchen.jpg,195_frontal.jpg,625000
1,1,766,94501,196.png,196_bathroom.jpg,196_bedroom.jpg,196_kitchen.jpg,196_frontal.jpg,349000
2,2,994,94501,197.png,197_bathroom.jpg,197_bedroom.jpg,197_kitchen.jpg,197_frontal.jpg,479000
3,2.5,1665,94501,198.png,198_bathroom.jpg,198_bedroom.jpg,198_kitchen.jpg,198_frontal.jpg,875000
3,1.5,1581,94501,199.png,199_bathroom.jpg,199_bedroom.jpg,199_kitchen.jpg,199_frontal.jpg,895000
3,2.5,1652,94501,200.png,200_bathroom.jpg,200_bedroom.jpg,200_kitchen.jpg,200_frontal.jpg,649000
2,1.5,1056,94501,201.png,201_bathroom.jpg,201_bedroom.jpg,201_kitchen.jpg,201_frontal.jpg,739000
2,2.5,1772,93446,202.png,202_bathroom.jpg,202_bedroom.jpg,202_kitchen.jpg,202_frontal.jpg,499000
3,3,2361,94501,203.png,203_bathroom.jpg,203_bedroom.jpg,203_kitchen.jpg,203_frontal.jpg,988000
3,3.5,2724,94501,204.png,204_bathroom.jpg,204_bedroom.jpg,204_kitchen.jpg,204_frontal.jpg,1150000
2,1,1110,94501,205.png,205_bathroom.jpg,205_bedroom.jpg,205_kitchen.jpg,205_frontal.jpg,649000
2,1,1016,94501,206.png,206_bathroom.jpg,206_bedroom.jpg,206_kitchen.jpg,206_frontal.jpg,679000
3,2,1413,94501,207.png,207_bathroom.jpg,207_bedroom.jpg,207_kitchen.jpg,207_frontal.jpg,619000
5,4,3743,94501,208.png,208_bathroom.jpg,208_bedroom.jpg,208_kitchen.jpg,208_frontal.jpg,1295000
3,2,2504,94501,209.png,209_bathroom.jpg,209_bedroom.jpg,209_kitchen.jpg,209_frontal.jpg,895000
3,3,1864,94501,210.png,210_bathroom.jpg,210_bedroom.jpg,210_kitchen.jpg,210_frontal.jpg,995888
5,3,3122,94501,211.png,211_bathroom.jpg,211_bedroom.jpg,211_kitchen.jpg,211_frontal.jpg,899000
3,2.5,1678,94501,212.png,212_bathroom.jpg,212_bedroom.jpg,212_kitchen.jpg,212_frontal.jpg,668000
2,1,1134,94501,213.png,213_bathroom.jpg,213_bedroom.jpg,213_kitchen.jpg,213_frontal.jpg,599000
3,1.5,1581,94501,214.png,214_bathroom.jpg,214_bedroom.jpg,214_kitchen.jpg,214_frontal.jpg,895000
4,2.5,1602,94501,215.png,215_bathroom.jpg,215_bedroom.jpg,215_kitchen.jpg,215_frontal.jpg,949000
4,3.5,3651,93111,216.png,216_bathroom.jpg,216_bedroom.jpg,216_kitchen.jpg,216_frontal.jpg,1749000
5,4.5,5000,93111,217.png,217_bathroom.jpg,217_bedroom.jpg,217_kitchen.jpg,217_frontal.jpg,4000000
3,2,1368,93111,218.png,218_bathroom.jpg,218_bedroom.jpg,218_kitchen.jpg,218_frontal.jpg,599999
4,2,1426,93111,219.png,219_bathroom.jpg,219_bedroom.jpg,219_kitchen.jpg,219_frontal.jpg,949000
3,2,1447,93111,220.png,220_bathroom.jpg,220_bedroom.jpg,220_kitchen.jpg,220_frontal.jpg,1080000
4,2,2304,93111,221.png,221_bathroom.jpg,221_bedroom.jpg,221_kitchen.jpg,221_frontal.jpg,1495000
2,2,1716,93105,222.png,222_bathroom.jpg,222_bedroom.jpg,222_kitchen.jpg,222_frontal.jpg,895000
3,2,1796,93111,223.png,223_bathroom.jpg,223_bedroom.jpg,223_kitchen.jpg,223_frontal.jpg,897000
4,4.5,2844,93111,224.png,224_bathroom.jpg,224_bedroom.jpg,224_kitchen.jpg,224_frontal.jpg,1595000
3,3.5,1876,93111,225.png,225_bathroom.jpg,225_bedroom.jpg,225_kitchen.jpg,225_frontal.jpg,1149000
3,2,1475,93111,226.png,226_bathroom.jpg,226_bedroom.jpg,226_kitchen.jpg,226_frontal.jpg,769000
3,3.5,3136,93111,227.png,227_bathroom.jpg,227_bedroom.jpg,227_kitchen.jpg,227_frontal.jpg,2150000
5,3,3188,92880,228.png,228_bathroom.jpg,228_bedroom.jpg,228_kitchen.jpg,228_frontal.jpg,567500
5,5,3701,92880,229.png,229_bathroom.jpg,229_bedroom.jpg,229_kitchen.jpg,229_frontal.jpg,579000
5,5,4749,92880,230.png,230_bathroom.jpg,230_bedroom.jpg,230_kitchen.jpg,230_frontal.jpg,749000
5,4,4014,92880,231.png,231_bathroom.jpg,231_bedroom.jpg,231_kitchen.jpg,231_frontal.jpg,699000
6,4,4311,92880,232.png,232_bathroom.jpg,232_bedroom.jpg,232_kitchen.jpg,232_frontal.jpg,695000
5,4,2809,92880,233.png,233_bathroom.jpg,233_bedroom.jpg,233_kitchen.jpg,233_frontal.jpg,635900
6,4,3635,92880,234.png,234_bathroom.jpg,234_bedroom.jpg,234_kitchen.jpg,234_frontal.jpg,585000
8,6,3849,92880,235.png,235_bathroom.jpg,235_bedroom.jpg,235_kitchen.jpg,235_frontal.jpg,580000
4,4,3773,91752,236.png,236_bathroom.jpg,236_bedroom.jpg,236_kitchen.jpg,236_frontal.jpg,579000
4,3,3214,92880,237.png,237_bathroom.jpg,237_bedroom.jpg,237_kitchen.jpg,237_frontal.jpg,547900
5,3,3677,92880,238.png,238_bathroom.jpg,238_bedroom.jpg,238_kitchen.jpg,238_frontal.jpg,570000
5,3,3200,92880,239.png,239_bathroom.jpg,239_bedroom.jpg,239_kitchen.jpg,239_frontal.jpg,568000
5,4,3270,92880,240.png,240_bathroom.jpg,240_bedroom.jpg,240_kitchen.jpg,240_frontal.jpg,560000
5,5,4074,92880,241.png,241_bathroom.jpg,241_bedroom.jpg,241_kitchen.jpg,241_frontal.jpg,550000
4,3,2951,92880,242.png,242_bathroom.jpg,242_bedroom.jpg,242_kitchen.jpg,242_frontal.jpg,549999
5,4,3500,92880,243.png,243_bathroom.jpg,243_bedroom.jpg,243_kitchen.jpg,243_frontal.jpg,545000
5,3,2622,92880,244.png,244_bathroom.jpg,244_bedroom.jpg,244_kitchen.jpg,244_frontal.jpg,539900
5,3,3034,92880,245.png,245_bathroom.jpg,245_bedroom.jpg,245_kitchen.jpg,245_frontal.jpg,539800
6,4,3375,92880,246.png,246_bathroom.jpg,246_bedroom.jpg,246_kitchen.jpg,246_frontal.jpg,538000
5,3,3340,92880,247.png,247_bathroom.jpg,247_bedroom.jpg,247_kitchen.jpg,247_frontal.jpg,534977
5,3,3075,92880,248.png,248_bathroom.jpg,248_bedroom.jpg,248_kitchen.jpg,248_frontal.jpg,534888
5,3,3013,92880,249.png,249_bathroom.jpg,249_bedroom.jpg,249_kitchen.jpg,249_frontal.jpg,530000
4,3,3000,92880,250.png,250_bathroom.jpg,250_bedroom.jpg,250_kitchen.jpg,250_frontal.jpg,529900
4,3,3141,92880,251.png,251_bathroom.jpg,251_bedroom.jpg,251_kitchen.jpg,251_frontal.jpg,529999
4,3,2650,92880,252.png,252_bathroom.jpg,252_bedroom.jpg,252_kitchen.jpg,252_frontal.jpg,529900
5,3,3054,92543,253.png,253_bathroom.jpg,253_bedroom.jpg,253_kitchen.jpg,253_frontal.jpg,284900
2,3,1627,92253,254.png,254_bathroom.jpg,254_bedroom.jpg,254_kitchen.jpg,254_frontal.jpg,550000
1,1,840,94568,255.png,255_bathroom.jpg,255_bedroom.jpg,255_kitchen.jpg,255_frontal.jpg,303590
3,2.5,2295,90211,256.png,256_bathroom.jpg,256_bedroom.jpg,256_kitchen.jpg,256_frontal.jpg,1500000
8,6,5900,92040,257.png,257_bathroom.jpg,257_bedroom.jpg,257_kitchen.jpg,257_frontal.jpg,1350000
4,2,1512,93720,258.png,258_bathroom.jpg,258_bedroom.jpg,258_kitchen.jpg,258_frontal.jpg,89900
5,3.5,3149,92880,259.png,259_bathroom.jpg,259_bedroom.jpg,259_kitchen.jpg,259_frontal.jpg,515000
3,3,2100,92692,260.png,260_bathroom.jpg,260_bedroom.jpg,260_kitchen.jpg,260_frontal.jpg,700200
4,3,2530,93924,261.png,261_bathroom.jpg,261_bedroom.jpg,261_kitchen.jpg,261_frontal.jpg,1150000
4,3,2287,90265,262.png,262_bathroom.jpg,262_bedroom.jpg,262_kitchen.jpg,262_frontal.jpg,1695000
2,2,1503,92692,263.png,263_bathroom.jpg,263_bedroom.jpg,263_kitchen.jpg,263_frontal.jpg,664900
3,2,1209,92253,264.png,264_bathroom.jpg,264_bedroom.jpg,264_kitchen.jpg,264_frontal.jpg,250000
4,2,2250,93314,265.png,265_bathroom.jpg,265_bedroom.jpg,265_kitchen.jpg,265_frontal.jpg,310000
6,4,4311,92880,266.png,266_bathroom.jpg,266_bedroom.jpg,266_kitchen.jpg,266_frontal.jpg,695000
4,4,2460,90038,267.png,267_bathroom.jpg,267_bedroom.jpg,267_kitchen.jpg,267_frontal.jpg,1550000
5,3,3514,92880,268.png,268_bathroom.jpg,268_bedroom.jpg,268_kitchen.jpg,268_frontal.jpg,649990
4,3,2257,90803,269.png,269_bathroom.jpg,269_bedroom.jpg,269_kitchen.jpg,269_frontal.jpg,1299000
4,3,2870,92880,270.png,270_bathroom.jpg,270_bedroom.jpg,270_kitchen.jpg,270_frontal.jpg,489000
3,1.5,1400,95008,271.png,271_bathroom.jpg,271_bedroom.jpg,271_kitchen.jpg,271_frontal.jpg,999000
5,3,2533,94565,272.png,272_bathroom.jpg,272_bedroom.jpg,272_kitchen.jpg,272_frontal.jpg,540000
4,3,3010,92880,273.png,273_bathroom.jpg,273_bedroom.jpg,273_kitchen.jpg,273_frontal.jpg,490000
3,2.5,1321,91915,274.png,274_bathroom.jpg,274_bedroom.jpg,274_kitchen.jpg,274_frontal.jpg,360000
3,3,1905,92880,275.png,275_bathroom.jpg,275_bedroom.jpg,275_kitchen.jpg,275_frontal.jpg,448000
6,4,4311,92880,276.png,276_bathroom.jpg,276_bedroom.jpg,276_kitchen.jpg,276_frontal.jpg,669472
4,3,2825,91752,277.png,277_bathroom.jpg,277_bedroom.jpg,277_kitchen.jpg,277_frontal.jpg,549900
4,3,2579,92880,278.png,278_bathroom.jpg,278_bedroom.jpg,278_kitchen.jpg,278_frontal.jpg,520000
4,4,2893,92880,279.png,279_bathroom.jpg,279_bedroom.jpg,279_kitchen.jpg,279_frontal.jpg,520000
4,3,3099,92880,280.png,280_bathroom.jpg,280_bedroom.jpg,280_kitchen.jpg,280_frontal.jpg,519900
4,5,3307,92880,281.png,281_bathroom.jpg,281_bedroom.jpg,281_kitchen.jpg,281_frontal.jpg,519900
3,3,2367,92880,282.png,282_bathroom.jpg,282_bedroom.jpg,282_kitchen.jpg,282_frontal.jpg,529000
5,4,3972,91752,283.png,283_bathroom.jpg,283_bedroom.jpg,283_kitchen.jpg,283_frontal.jpg,525000
4,3,3010,92880,284.png,284_bathroom.jpg,284_bedroom.jpg,284_kitchen.jpg,284_frontal.jpg,525000
5,5,3816,92880,285.png,285_bathroom.jpg,285_bedroom.jpg,285_kitchen.jpg,285_frontal.jpg,589900
2,2,1152,92276,286.png,286_bathroom.jpg,286_bedroom.jpg,286_kitchen.jpg,286_frontal.jpg,96900
2,1.5,1800,92276,287.png,287_bathroom.jpg,287_bedroom.jpg,287_kitchen.jpg,287_frontal.jpg,163000
2,2,2036,92276,288.png,288_bathroom.jpg,288_bedroom.jpg,288_kitchen.jpg,288_frontal.jpg,175000
2,2,1344,92276,289.png,289_bathroom.jpg,289_bedroom.jpg,289_kitchen.jpg,289_frontal.jpg,98000
2,1,1100,92276,290.png,290_bathroom.jpg,290_bedroom.jpg,290_kitchen.jpg,290_frontal.jpg,36000
2,2,1248,92276,291.png,291_bathroom.jpg,291_bedroom.jpg,291_kitchen.jpg,291_frontal.jpg,115000
2,2,1380,92276,292.png,292_bathroom.jpg,292_bedroom.jpg,292_kitchen.jpg,292_frontal.jpg,125000
2,2,960,92276,293.png,293_bathroom.jpg,293_bedroom.jpg,293_kitchen.jpg,293_frontal.jpg,100000
3,2,1368,92276,294.png,294_bathroom.jpg,294_bedroom.jpg,294_kitchen.jpg,294_frontal.jpg,193000
3,2,2788,92276,295.png,295_bathroom.jpg,295_bedroom.jpg,295_kitchen.jpg,295_frontal.jpg,385000
5,3.25,3149,92880,296.png,296_bathroom.jpg,296_bedroom.jpg,296_kitchen.jpg,296_frontal.jpg,515000
4,5,3834,92880,297.png,297_bathroom.jpg,297_bedroom.jpg,297_kitchen.jpg,297_frontal.jpg,530000
5,3,3767,92880,298.png,298_bathroom.jpg,298_bedroom.jpg,298_kitchen.jpg,298_frontal.jpg,567000
5,3.5,3149,92880,299.png,299_bathroom.jpg,299_bedroom.jpg,299_kitchen.jpg,299_frontal.jpg,500000
5,4,3565,92880,300.png,300_bathroom.jpg,300_bedroom.jpg,300_kitchen.jpg,300_frontal.jpg,537000
6,3.5,3615,92880,301.png,301_bathroom.jpg,301_bedroom.jpg,301_kitchen.jpg,301_frontal.jpg,647000
5,5,4014,92880,302.png,302_bathroom.jpg,302_bedroom.jpg,302_kitchen.jpg,302_frontal.jpg,542000
5,5,3834,92880,303.png,303_bathroom.jpg,303_bedroom.jpg,303_kitchen.jpg,303_frontal.jpg,565000
4,3,3572,92880,304.png,304_bathroom.jpg,304_bedroom.jpg,304_kitchen.jpg,304_frontal.jpg,535000
4,3,2870,92880,305.png,305_bathroom.jpg,305_bedroom.jpg,305_kitchen.jpg,305_frontal.jpg,489000
4,3,2570,92880,306.png,306_bathroom.jpg,306_bedroom.jpg,306_kitchen.jpg,306_frontal.jpg,510000
4,2.5,2285,93510,307.png,307_bathroom.jpg,307_bedroom.jpg,307_kitchen.jpg,307_frontal.jpg,560000
3,2,2691,93510,308.png,308_bathroom.jpg,308_bedroom.jpg,308_kitchen.jpg,308_frontal.jpg,675000
3,2.5,2490,93510,309.png,309_bathroom.jpg,309_bedroom.jpg,309_kitchen.jpg,309_frontal.jpg,450000
3,2,2160,93510,310.png,310_bathroom.jpg,310_bedroom.jpg,310_kitchen.jpg,310_frontal.jpg,409900
3,2.5,2326,93510,311.png,311_bathroom.jpg,311_bedroom.jpg,311_kitchen.jpg,311_frontal.jpg,553000
3,2.5,2260,93510,312.png,312_bathroom.jpg,312_bedroom.jpg,312_kitchen.jpg,312_frontal.jpg,470000
3,1,1337,93510,313.png,313_bathroom.jpg,313_bedroom.jpg,313_kitchen.jpg,313_frontal.jpg,335000
2,1,884,93510,314.png,314_bathroom.jpg,314_bedroom.jpg,314_kitchen.jpg,314_frontal.jpg,400000
4,3,2987,93510,315.png,315_bathroom.jpg,315_bedroom.jpg,315_kitchen.jpg,315_frontal.jpg,615000
3,2,1476,93510,316.png,316_bathroom.jpg,316_bedroom.jpg,316_kitchen.jpg,316_frontal.jpg,485000
5,3,2983,93510,317.png,317_bathroom.jpg,317_bedroom.jpg,317_kitchen.jpg,317_frontal.jpg,479000
5,4,3198,93510,318.png,318_bathroom.jpg,318_bedroom.jpg,318_kitchen.jpg,318_frontal.jpg,695000
3,2,1236,93510,319.png,319_bathroom.jpg,319_bedroom.jpg,319_kitchen.jpg,319_frontal.jpg,221000
4,2,1797,93510,320.png,320_bathroom.jpg,320_bedroom.jpg,320_kitchen.jpg,320_frontal.jpg,450000
3,2,1404,93510,321.png,321_bathroom.jpg,321_bedroom.jpg,321_kitchen.jpg,321_frontal.jpg,195000
3,2,1248,93510,322.png,322_bathroom.jpg,322_bedroom.jpg,322_kitchen.jpg,322_frontal.jpg,240000
5,3,3167,93510,323.png,323_bathroom.jpg,323_bedroom.jpg,323_kitchen.jpg,323_frontal.jpg,599900
6,4,3705,93510,324.png,324_bathroom.jpg,324_bedroom.jpg,324_kitchen.jpg,324_frontal.jpg,765000
4,2.5,2362,93510,325.png,325_bathroom.jpg,325_bedroom.jpg,325_kitchen.jpg,325_frontal.jpg,539900
4,2,2252,93510,326.png,326_bathroom.jpg,326_bedroom.jpg,326_kitchen.jpg,326_frontal.jpg,585000
3,2,2752,93510,327.png,327_bathroom.jpg,327_bedroom.jpg,327_kitchen.jpg,327_frontal.jpg,570000
4,2,2160,93510,328.png,328_bathroom.jpg,328_bedroom.jpg,328_kitchen.jpg,328_frontal.jpg,384000
3,4,3312,93510,329.png,329_bathroom.jpg,329_bedroom.jpg,329_kitchen.jpg,329_frontal.jpg,759000
3,2,2315,93510,330.png,330_bathroom.jpg,330_bedroom.jpg,330_kitchen.jpg,330_frontal.jpg,499000
2,2,1344,92276,331.png,331_bathroom.jpg,331_bedroom.jpg,331_kitchen.jpg,331_frontal.jpg,154900
2,2,1820,92276,332.png,332_bathroom.jpg,332_bedroom.jpg,332_kitchen.jpg,332_frontal.jpg,225000
2,2,1152,92276,333.png,333_bathroom.jpg,333_bedroom.jpg,333_kitchen.jpg,333_frontal.jpg,138500
2,2,1440,92276,334.png,334_bathroom.jpg,334_bedroom.jpg,334_kitchen.jpg,334_frontal.jpg,97500
2,2,2015,92276,335.png,335_bathroom.jpg,335_bedroom.jpg,335_kitchen.jpg,335_frontal.jpg,219000
2,2,1248,92276,336.png,336_bathroom.jpg,336_bedroom.jpg,336_kitchen.jpg,336_frontal.jpg,103500
2,2,1598,92276,337.png,337_bathroom.jpg,337_bedroom.jpg,337_kitchen.jpg,337_frontal.jpg,136900
2,2,1176,92276,338.png,338_bathroom.jpg,338_bedroom.jpg,338_kitchen.jpg,338_frontal.jpg,135000
2,2.5,960,92276,339.png,339_bathroom.jpg,339_bedroom.jpg,339_kitchen.jpg,339_frontal.jpg,135000
3,2,1482,92276,340.png,340_bathroom.jpg,340_bedroom.jpg,340_kitchen.jpg,340_frontal.jpg,158888
2,2,1152,92276,341.png,341_bathroom.jpg,341_bedroom.jpg,341_kitchen.jpg,341_frontal.jpg,74900
2,2,1344,92276,342.png,342_bathroom.jpg,342_bedroom.jpg,342_kitchen.jpg,342_frontal.jpg,69900
3,2,1248,92276,343.png,343_bathroom.jpg,343_bedroom.jpg,343_kitchen.jpg,343_frontal.jpg,139500
3,2,1478,92276,344.png,344_bathroom.jpg,344_bedroom.jpg,344_kitchen.jpg,344_frontal.jpg,219900
2,2,1152,92276,345.png,345_bathroom.jpg,345_bedroom.jpg,345_kitchen.jpg,345_frontal.jpg,99900
2,2,1040,92276,346.png,346_bathroom.jpg,346_bedroom.jpg,346_kitchen.jpg,346_frontal.jpg,59900
2,2,1000,92276,347.png,347_bathroom.jpg,347_bedroom.jpg,347_kitchen.jpg,347_frontal.jpg,118900
2,2,1440,92276,348.png,348_bathroom.jpg,348_bedroom.jpg,348_kitchen.jpg,348_frontal.jpg,106000
2,2,1344,92276,349.png,349_bathroom.jpg,349_bedroom.jpg,349_kitchen.jpg,349_frontal.jpg,67500
2,2,1640,92276,350.png,350_bathroom.jpg,350_bedroom.jpg,350_kitchen.jpg,350_frontal.jpg,104950
2,2,1578,92276,351.png,351_bathroom.jpg,351_bedroom.jpg,351_kitchen.jpg,351_frontal.jpg,97000
2,2,1512,92276,352.png,352_bathroom.jpg,352_bedroom.jpg,352_kitchen.jpg,352_frontal.jpg,98900
2,2,1152,92276,353.png,353_bathroom.jpg,353_bedroom.jpg,353_kitchen.jpg,353_frontal.jpg,99900
2,1.5,1056,92276,354.png,354_bathroom.jpg,354_bedroom.jpg,354_kitchen.jpg,354_frontal.jpg,79900
2,2,1930,92276,355.png,355_bathroom.jpg,355_bedroom.jpg,355_kitchen.jpg,355_frontal.jpg,164900
2,2,1240,92276,356.png,356_bathroom.jpg,356_bedroom.jpg,356_kitchen.jpg,356_frontal.jpg,117000
4,2,1866,92276,357.png,357_bathroom.jpg,357_bedroom.jpg,357_kitchen.jpg,357_frontal.jpg,256000
2,2,960,92276,358.png,358_bathroom.jpg,358_bedroom.jpg,358_kitchen.jpg,358_frontal.jpg,61000
2,2,1388,92276,359.png,359_bathroom.jpg,359_bedroom.jpg,359_kitchen.jpg,359_frontal.jpg,167400
2,2,1152,92276,360.png,360_bathroom.jpg,360_bedroom.jpg,360_kitchen.jpg,360_frontal.jpg,97500
2,1,960,92276,361.png,361_bathroom.jpg,361_bedroom.jpg,361_kitchen.jpg,361_frontal.jpg,63500
3,2,1200,92276,362.png,362_bathroom.jpg,362_bedroom.jpg,362_kitchen.jpg,362_frontal.jpg,225000
2,2,1440,92276,363.png,363_bathroom.jpg,363_bedroom.jpg,363_kitchen.jpg,363_frontal.jpg,77000
2,2,1248,92276,364.png,364_bathroom.jpg,364_bedroom.jpg,364_kitchen.jpg,364_frontal.jpg,114500
2,2,1152,92276,365.png,365_bathroom.jpg,365_bedroom.jpg,365_kitchen.jpg,365_frontal.jpg,96500
2,2,960,92276,366.png,366_bathroom.jpg,366_bedroom.jpg,366_kitchen.jpg,366_frontal.jpg,79900
3,2,1397,92276,367.png,367_bathroom.jpg,367_bedroom.jpg,367_kitchen.jpg,367_frontal.jpg,248500
2,2,1248,92276,368.png,368_bathroom.jpg,368_bedroom.jpg,368_kitchen.jpg,368_frontal.jpg,117500
2,2,1248,92276,369.png,369_bathroom.jpg,369_bedroom.jpg,369_kitchen.jpg,369_frontal.jpg,79900
2,2,1344,92276,370.png,370_bathroom.jpg,370_bedroom.jpg,370_kitchen.jpg,370_frontal.jpg,84900
2,2,1440,92276,371.png,371_bathroom.jpg,371_bedroom.jpg,371_kitchen.jpg,371_frontal.jpg,84900
3,2.5,2644,92276,372.png,372_bathroom.jpg,372_bedroom.jpg,372_kitchen.jpg,372_frontal.jpg,379500
2,2,1020,92276,373.png,373_bathroom.jpg,373_bedroom.jpg,373_kitchen.jpg,373_frontal.jpg,74900
2,2,1600,92276,374.png,374_bathroom.jpg,374_bedroom.jpg,374_kitchen.jpg,374_frontal.jpg,147000
2,2,2024,92276,375.png,375_bathroom.jpg,375_bedroom.jpg,375_kitchen.jpg,375_frontal.jpg,214900
2,1,780,92276,376.png,376_bathroom.jpg,376_bedroom.jpg,376_kitchen.jpg,376_frontal.jpg,67900
3,2,1397,92276,377.png,377_bathroom.jpg,377_bedroom.jpg,377_kitchen.jpg,377_frontal.jpg,199000
2,2,1544,92276,378.png,378_bathroom.jpg,378_bedroom.jpg,378_kitchen.jpg,378_frontal.jpg,124900
2,2,1368,92276,379.png,379_bathroom.jpg,379_bedroom.jpg,379_kitchen.jpg,379_frontal.jpg,69800
2,2,1624,92276,380.png,380_bathroom.jpg,380_bedroom.jpg,380_kitchen.jpg,380_frontal.jpg,185000
1,1.5,1440,92276,381.png,381_bathroom.jpg,381_bedroom.jpg,381_kitchen.jpg,381_frontal.jpg,87500
2,2,1840,92276,382.png,382_bathroom.jpg,382_bedroom.jpg,382_kitchen.jpg,382_frontal.jpg,160000
3,2,1454,92276,383.png,383_bathroom.jpg,383_bedroom.jpg,383_kitchen.jpg,383_frontal.jpg,122500
2,2,1040,92276,384.png,384_bathroom.jpg,384_bedroom.jpg,384_kitchen.jpg,384_frontal.jpg,67900
2,2,1281,92276,385.png,385_bathroom.jpg,385_bedroom.jpg,385_kitchen.jpg,385_frontal.jpg,139000
2,2,1152,92276,386.png,386_bathroom.jpg,386_bedroom.jpg,386_kitchen.jpg,386_frontal.jpg,84900
2,2,1152,92276,387.png,387_bathroom.jpg,387_bedroom.jpg,387_kitchen.jpg,387_frontal.jpg,99000
2,2,1536,92276,388.png,388_bathroom.jpg,388_bedroom.jpg,388_kitchen.jpg,388_frontal.jpg,69900
2,1,960,92276,389.png,389_bathroom.jpg,389_bedroom.jpg,389_kitchen.jpg,389_frontal.jpg,49900
2,2,1440,92276,390.png,390_bathroom.jpg,390_bedroom.jpg,390_kitchen.jpg,390_frontal.jpg,154500
2,2,1344,92276,391.png,391_bathroom.jpg,391_bedroom.jpg,391_kitchen.jpg,391_frontal.jpg,129900
3,2,1507,92276,392.png,392_bathroom.jpg,392_bedroom.jpg,392_kitchen.jpg,392_frontal.jpg,235000
3,2,1766,92276,393.png,393_bathroom.jpg,393_bedroom.jpg,393_kitchen.jpg,393_frontal.jpg,129000
2,2,1440,92276,394.png,394_bathroom.jpg,394_bedroom.jpg,394_kitchen.jpg,394_frontal.jpg,83900
2,2,1940,92276,395.png,395_bathroom.jpg,395_bedroom.jpg,395_kitchen.jpg,395_frontal.jpg,129500
3,2,2971,93446,396.png,396_bathroom.jpg,396_bedroom.jpg,396_kitchen.jpg,396_frontal.jpg,2395000
2,2,1468,92276,397.png,397_bathroom.jpg,397_bedroom.jpg,397_kitchen.jpg,397_frontal.jpg,125000
2,3,1280,92276,398.png,398_bathroom.jpg,398_bedroom.jpg,398_kitchen.jpg,398_frontal.jpg,69900
2,2,960,92276,399.png,399_bathroom.jpg,399_bedroom.jpg,399_kitchen.jpg,399_frontal.jpg,69500
2,2,1640,92276,400.png,400_bathroom.jpg,400_bedroom.jpg,400_kitchen.jpg,400_frontal.jpg,79500
2,2,1056,92276,401.png,401_bathroom.jpg,401_bedroom.jpg,401_kitchen.jpg,401_frontal.jpg,68500
2,2,1344,92276,402.png,402_bathroom.jpg,402_bedroom.jpg,402_kitchen.jpg,402_frontal.jpg,117500
3,2,1806,92276,403.png,403_bathroom.jpg,403_bedroom.jpg,403_kitchen.jpg,403_frontal.jpg,179000
2,2,1344,92276,404.png,404_bathroom.jpg,404_bedroom.jpg,404_kitchen.jpg,404_frontal.jpg,89500
2,2,1120,92276,405.png,405_bathroom.jpg,405_bedroom.jpg,405_kitchen.jpg,405_frontal.jpg,72000
2,2,1344,92276,406.png,406_bathroom.jpg,406_bedroom.jpg,406_kitchen.jpg,406_frontal.jpg,104900
3,2,1376,92276,407.png,407_bathroom.jpg,407_bedroom.jpg,407_kitchen.jpg,407_frontal.jpg,174900
3,2,1440,92276,408.png,408_bathroom.jpg,408_bedroom.jpg,408_kitchen.jpg,408_frontal.jpg,169900
2,2,1486,92276,409.png,409_bathroom.jpg,409_bedroom.jpg,409_kitchen.jpg,409_frontal.jpg,154000
3,2,1560,92276,410.png,410_bathroom.jpg,410_bedroom.jpg,410_kitchen.jpg,410_frontal.jpg,189000
2,2,1440,92276,411.png,411_bathroom.jpg,411_bedroom.jpg,411_kitchen.jpg,411_frontal.jpg,62500
2,2,1722,92276,412.png,412_bathroom.jpg,412_bedroom.jpg,412_kitchen.jpg,412_frontal.jpg,174500
2,2,1344,92276,413.png,413_bathroom.jpg,413_bedroom.jpg,413_kitchen.jpg,413_frontal.jpg,139000
2,2,1248,92276,414.png,414_bathroom.jpg,414_bedroom.jpg,414_kitchen.jpg,414_frontal.jpg,50000
2,2,1440,92276,415.png,415_bathroom.jpg,415_bedroom.jpg,415_kitchen.jpg,415_frontal.jpg,94900
2,2,1020,92276,416.png,416_bathroom.jpg,416_bedroom.jpg,416_kitchen.jpg,416_frontal.jpg,42900
2,1,1000,92276,417.png,417_bathroom.jpg,417_bedroom.jpg,417_kitchen.jpg,417_frontal.jpg,67000
2,2,1440,92276,418.png,418_bathroom.jpg,418_bedroom.jpg,418_kitchen.jpg,418_frontal.jpg,99900
2,2,1680,92276,419.png,419_bathroom.jpg,419_bedroom.jpg,419_kitchen.jpg,419_frontal.jpg,69500
2,2,1440,92276,420.png,420_bathroom.jpg,420_bedroom.jpg,420_kitchen.jpg,420_frontal.jpg,99000
2,2,1440,92276,421.png,421_bathroom.jpg,421_bedroom.jpg,421_kitchen.jpg,421_frontal.jpg,110000
4,3,2454,93510,422.png,422_bathroom.jpg,422_bedroom.jpg,422_kitchen.jpg,422_frontal.jpg,5858000
3,2,2346,93510,423.png,423_bathroom.jpg,423_bedroom.jpg,423_kitchen.jpg,423_frontal.jpg,557000
4,4,3254,93510,424.png,424_bathroom.jpg,424_bedroom.jpg,424_kitchen.jpg,424_frontal.jpg,674900
3,2,1448,93510,425.png,425_bathroom.jpg,425_bedroom.jpg,425_kitchen.jpg,425_frontal.jpg,349000
3,2,1734,93510,426.png,426_bathroom.jpg,426_bedroom.jpg,426_kitchen.jpg,426_frontal.jpg,265000
4,3.5,3381,93510,427.png,427_bathroom.jpg,427_bedroom.jpg,427_kitchen.jpg,427_frontal.jpg,725000
4,2,2272,93510,428.png,428_bathroom.jpg,428_bedroom.jpg,428_kitchen.jpg,428_frontal.jpg,559000
3,2,3326,93510,429.png,429_bathroom.jpg,429_bedroom.jpg,429_kitchen.jpg,429_frontal.jpg,549000
3,2,1508,93510,430.png,430_bathroom.jpg,430_bedroom.jpg,430_kitchen.jpg,430_frontal.jpg,449000
4,3,3631,93510,431.png,431_bathroom.jpg,431_bedroom.jpg,431_kitchen.jpg,431_frontal.jpg,699900
3,2.5,2824,93510,432.png,432_bathroom.jpg,432_bedroom.jpg,432_kitchen.jpg,432_frontal.jpg,569000
4,2,1966,93510,433.png,433_bathroom.jpg,433_bedroom.jpg,433_kitchen.jpg,433_frontal.jpg,530000
3,2,1387,93510,434.png,434_bathroom.jpg,434_bedroom.jpg,434_kitchen.jpg,434_frontal.jpg,395000
3,3,2522,93510,435.png,435_bathroom.jpg,435_bedroom.jpg,435_kitchen.jpg,435_frontal.jpg,705000
3,2,2095,93510,436.png,436_bathroom.jpg,436_bedroom.jpg,436_kitchen.jpg,436_frontal.jpg,479000
3,2,1932,93510,437.png,437_bathroom.jpg,437_bedroom.jpg,437_kitchen.jpg,437_frontal.jpg,309900
4,3,3624,93510,438.png,438_bathroom.jpg,438_bedroom.jpg,438_kitchen.jpg,438_frontal.jpg,698777
3,3,2848,93510,439.png,439_bathroom.jpg,439_bedroom.jpg,439_kitchen.jpg,439_frontal.jpg,547900
3,2,1152,93510,440.png,440_bathroom.jpg,440_bedroom.jpg,440_kitchen.jpg,440_frontal.jpg,425000
4,3,1625,93510,441.png,441_bathroom.jpg,441_bedroom.jpg,441_kitchen.jpg,441_frontal.jpg,639000
4,2,1717,93510,442.png,442_bathroom.jpg,442_bedroom.jpg,442_kitchen.jpg,442_frontal.jpg,494000
4,4,3220,93510,443.png,443_bathroom.jpg,443_bedroom.jpg,443_kitchen.jpg,443_frontal.jpg,699000
5,3.5,3342,93510,444.png,444_bathroom.jpg,444_bedroom.jpg,444_kitchen.jpg,444_frontal.jpg,639000
3,3,2800,93510,445.png,445_bathroom.jpg,445_bedroom.jpg,445_kitchen.jpg,445_frontal.jpg,630000
3,3,2362,93510,446.png,446_bathroom.jpg,446_bedroom.jpg,446_kitchen.jpg,446_frontal.jpg,541000
3,2,2061,93510,447.png,447_bathroom.jpg,447_bedroom.jpg,447_kitchen.jpg,447_frontal.jpg,529000
4,4,3522,93510,448.png,448_bathroom.jpg,448_bedroom.jpg,448_kitchen.jpg,448_frontal.jpg,680000
2,1,1320,93510,449.png,449_bathroom.jpg,449_bedroom.jpg,449_kitchen.jpg,449_frontal.jpg,520000
3,3,2356,93510,450.png,450_bathroom.jpg,450_bedroom.jpg,450_kitchen.jpg,450_frontal.jpg,710000
3,3,2808,93510,451.png,451_bathroom.jpg,451_bedroom.jpg,451_kitchen.jpg,451_frontal.jpg,599999
2,2,1059,93510,452.png,452_bathroom.jpg,452_bedroom.jpg,452_kitchen.jpg,452_frontal.jpg,445000
4,3,2774,93510,453.png,453_bathroom.jpg,453_bedroom.jpg,453_kitchen.jpg,453_frontal.jpg,599500
3,2.5,1991,93510,454.png,454_bathroom.jpg,454_bedroom.jpg,454_kitchen.jpg,454_frontal.jpg,515000
4,4,3030,93510,455.png,455_bathroom.jpg,455_bedroom.jpg,455_kitchen.jpg,455_frontal.jpg,759000
4,2,1916,93510,456.png,456_bathroom.jpg,456_bedroom.jpg,456_kitchen.jpg,456_frontal.jpg,549950
6,5,4090,93510,457.png,457_bathroom.jpg,457_bedroom.jpg,457_kitchen.jpg,457_frontal.jpg,859000
3,2,1400,93446,458.png,458_bathroom.jpg,458_bedroom.jpg,458_kitchen.jpg,458_frontal.jpg,139900
3,2,1939,93446,459.png,459_bathroom.jpg,459_bedroom.jpg,459_kitchen.jpg,459_frontal.jpg,575000
4,3,2118,93446,460.png,460_bathroom.jpg,460_bedroom.jpg,460_kitchen.jpg,460_frontal.jpg,489900
3,2,1940,93446,461.png,461_bathroom.jpg,461_bedroom.jpg,461_kitchen.jpg,461_frontal.jpg,530000
10,6,4188,93446,462.png,462_bathroom.jpg,462_bedroom.jpg,462_kitchen.jpg,462_frontal.jpg,629000
3,1.5,1080,93446,463.png,463_bathroom.jpg,463_bedroom.jpg,463_kitchen.jpg,463_frontal.jpg,325000
3,2,1170,93446,464.png,464_bathroom.jpg,464_bedroom.jpg,464_kitchen.jpg,464_frontal.jpg,235000
3,3,2390,93446,465.png,465_bathroom.jpg,465_bedroom.jpg,465_kitchen.jpg,465_frontal.jpg,769000
3,2,1469,93446,466.png,466_bathroom.jpg,466_bedroom.jpg,466_kitchen.jpg,466_frontal.jpg,299900
4,3,1496,93446,467.png,467_bathroom.jpg,467_bedroom.jpg,467_kitchen.jpg,467_frontal.jpg,515000
4,2.5,2699,93446,468.png,468_bathroom.jpg,468_bedroom.jpg,468_kitchen.jpg,468_frontal.jpg,629000
3,3,2136,93446,469.png,469_bathroom.jpg,469_bedroom.jpg,469_kitchen.jpg,469_frontal.jpg,689000
5,2,2544,93446,470.png,470_bathroom.jpg,470_bedroom.jpg,470_kitchen.jpg,470_frontal.jpg,599000
4,3.5,2090,93446,471.png,471_bathroom.jpg,471_bedroom.jpg,471_kitchen.jpg,471_frontal.jpg,499000
2,2,1248,93446,472.png,472_bathroom.jpg,472_bedroom.jpg,472_kitchen.jpg,472_frontal.jpg,175000
4,4,4600,93446,473.png,473_bathroom.jpg,473_bedroom.jpg,473_kitchen.jpg,473_frontal.jpg,1250000
3,2,1712,93446,474.png,474_bathroom.jpg,474_bedroom.jpg,474_kitchen.jpg,474_frontal.jpg,310000
3,2,1920,93446,475.png,475_bathroom.jpg,475_bedroom.jpg,475_kitchen.jpg,475_frontal.jpg,625000
3,2,1705,93446,476.png,476_bathroom.jpg,476_bedroom.jpg,476_kitchen.jpg,476_frontal.jpg,499500
2,2,1742,93446,477.png,477_bathroom.jpg,477_bedroom.jpg,477_kitchen.jpg,477_frontal.jpg,975000
4,3.5,3101,93446,478.png,478_bathroom.jpg,478_bedroom.jpg,478_kitchen.jpg,478_frontal.jpg,895000
2,2,1056,93446,479.png,479_bathroom.jpg,479_bedroom.jpg,479_kitchen.jpg,479_frontal.jpg,179900
2,2,1190,93446,480.png,480_bathroom.jpg,480_bedroom.jpg,480_kitchen.jpg,480_frontal.jpg,739900
3,2,1410,93446,481.png,481_bathroom.jpg,481_bedroom.jpg,481_kitchen.jpg,481_frontal.jpg,330000
3,2,1822,93446,482.png,482_bathroom.jpg,482_bedroom.jpg,482_kitchen.jpg,482_frontal.jpg,510000
3,2,2198,93446,483.png,483_bathroom.jpg,483_bedroom.jpg,483_kitchen.jpg,483_frontal.jpg,625000
2,2,1088,93446,484.png,484_bathroom.jpg,484_bedroom.jpg,484_kitchen.jpg,484_frontal.jpg,280000
2,2,1088,93446,485.png,485_bathroom.jpg,485_bedroom.jpg,485_kitchen.jpg,485_frontal.jpg,265000
6,5.5,5000,93446,486.png,486_bathroom.jpg,486_bedroom.jpg,486_kitchen.jpg,486_frontal.jpg,2200000
2,2,1088,93446,487.png,487_bathroom.jpg,487_bedroom.jpg,487_kitchen.jpg,487_frontal.jpg,275000
2,2,900,93446,488.png,488_bathroom.jpg,488_bedroom.jpg,488_kitchen.jpg,488_frontal.jpg,125000
2,2,1538,93446,489.png,489_bathroom.jpg,489_bedroom.jpg,489_kitchen.jpg,489_frontal.jpg,699500
3,2,1640,93446,490.png,490_bathroom.jpg,490_bedroom.jpg,490_kitchen.jpg,490_frontal.jpg,425000
3,2,2108,93446,491.png,491_bathroom.jpg,491_bedroom.jpg,491_kitchen.jpg,491_frontal.jpg,439000
2,1,854,93446,492.png,492_bathroom.jpg,492_bedroom.jpg,492_kitchen.jpg,492_frontal.jpg,179000
4,3,2617,93446,493.png,493_bathroom.jpg,493_bedroom.jpg,493_kitchen.jpg,493_frontal.jpg,579500
6,4.5,4386,93446,494.png,494_bathroom.jpg,494_bedroom.jpg,494_kitchen.jpg,494_frontal.jpg,759000
3,2,1570,93446,495.png,495_bathroom.jpg,495_bedroom.jpg,495_kitchen.jpg,495_frontal.jpg,435000
2,2,1257,93446,496.png,496_bathroom.jpg,496_bedroom.jpg,496_kitchen.jpg,496_frontal.jpg,380000
4,2,2072,93446,497.png,497_bathroom.jpg,497_bedroom.jpg,497_kitchen.jpg,497_frontal.jpg,429900
2,2,2213,93446,498.png,498_bathroom.jpg,498_bedroom.jpg,498_kitchen.jpg,498_frontal.jpg,585000
3,2.5,1500,93446,499.png,499_bathroom.jpg,499_bedroom.jpg,499_kitchen.jpg,499_frontal.jpg,319000
4,4,3000,93446,500.png,500_bathroom.jpg,500_bedroom.jpg,500_kitchen.jpg,500_frontal.jpg,1495000
3,2,2330,93446,501.png,501_bathroom.jpg,501_bedroom.jpg,501_kitchen.jpg,501_frontal.jpg,599900
3,2.5,1339,93446,502.png,502_bathroom.jpg,502_bedroom.jpg,502_kitchen.jpg,502_frontal.jpg,344900
3,2,1472,93446,503.png,503_bathroom.jpg,503_bedroom.jpg,503_kitchen.jpg,503_frontal.jpg,309995
4,4,2681,93446,504.png,504_bathroom.jpg,504_bedroom.jpg,504_kitchen.jpg,504_frontal.jpg,572000
3,2.5,1935,92802,505.png,505_bathroom.jpg,505_bedroom.jpg,505_kitchen.jpg,505_frontal.jpg,695000
3,2,1471,92802,506.png,506_bathroom.jpg,506_bedroom.jpg,506_kitchen.jpg,506_frontal.jpg,525000
3,2,1248,92802,507.png,507_bathroom.jpg,507_bedroom.jpg,507_kitchen.jpg,507_frontal.jpg,78000
3,1.5,1214,92802,508.png,508_bathroom.jpg,508_bedroom.jpg,508_kitchen.jpg,508_frontal.jpg,424900
4,3,1882,92802,509.png,509_bathroom.jpg,509_bedroom.jpg,509_kitchen.jpg,509_frontal.jpg,825000
2,2.5,987,92802,510.png,510_bathroom.jpg,510_bedroom.jpg,510_kitchen.jpg,510_frontal.jpg,475000
4,3,1606,92802,511.png,511_bathroom.jpg,511_bedroom.jpg,511_kitchen.jpg,511_frontal.jpg,850000
3,2.5,1554,92802,512.png,512_bathroom.jpg,512_bedroom.jpg,512_kitchen.jpg,512_frontal.jpg,409900
3,2.5,1717,92802,513.png,513_bathroom.jpg,513_bedroom.jpg,513_kitchen.jpg,513_frontal.jpg,540000
4,2,1475,94531,514.png,514_bathroom.jpg,514_bedroom.jpg,514_kitchen.jpg,514_frontal.jpg,385000
3,2,1052,94531,515.png,515_bathroom.jpg,515_bedroom.jpg,515_kitchen.jpg,515_frontal.jpg,195000
4,3,2353,94531,516.png,516_bathroom.jpg,516_bedroom.jpg,516_kitchen.jpg,516_frontal.jpg,458000
4,2.5,2422,94531,517.png,517_bathroom.jpg,517_bedroom.jpg,517_kitchen.jpg,517_frontal.jpg,468000
3,2.5,2650,94531,518.png,518_bathroom.jpg,518_bedroom.jpg,518_kitchen.jpg,518_frontal.jpg,458000
4,2.5,1831,94531,519.png,519_bathroom.jpg,519_bedroom.jpg,519_kitchen.jpg,519_frontal.jpg,389000
4,2,2334,94531,520.png,520_bathroom.jpg,520_bedroom.jpg,520_kitchen.jpg,520_frontal.jpg,460000
5,3,2179,94531,521.png,521_bathroom.jpg,521_bedroom.jpg,521_kitchen.jpg,521_frontal.jpg,430000
4,2.5,1662,94531,522.png,522_bathroom.jpg,522_bedroom.jpg,522_kitchen.jpg,522_frontal.jpg,329900
4,3,1765,94531,523.png,523_bathroom.jpg,523_bedroom.jpg,523_kitchen.jpg,523_frontal.jpg,349900
3,2,2012,94531,524.png,524_bathroom.jpg,524_bedroom.jpg,524_kitchen.jpg,524_frontal.jpg,454999
7,4,3871,94531,525.png,525_bathroom.jpg,525_bedroom.jpg,525_kitchen.jpg,525_frontal.jpg,569950
5,3,3679,94531,526.png,526_bathroom.jpg,526_bedroom.jpg,526_kitchen.jpg,526_frontal.jpg,525000
4,2.5,1794,94531,527.png,527_bathroom.jpg,527_bedroom.jpg,527_kitchen.jpg,527_frontal.jpg,380000
4,3.5,3420,94531,528.png,528_bathroom.jpg,528_bedroom.jpg,528_kitchen.jpg,528_frontal.jpg,550000
4,3,2506,94531,529.png,529_bathroom.jpg,529_bedroom.jpg,529_kitchen.jpg,529_frontal.jpg,449950
4,2.5,2236,94531,530.png,530_bathroom.jpg,530_bedroom.jpg,530_kitchen.jpg,530_frontal.jpg,495000
5,2,2066,94531,531.png,531_bathroom.jpg,531_bedroom.jpg,531_kitchen.jpg,531_frontal.jpg,399900
4,3.5,9536,94531,532.png,532_bathroom.jpg,532_bedroom.jpg,532_kitchen.jpg,532_frontal.jpg,460000
3,2,2014,94531,533.png,533_bathroom.jpg,533_bedroom.jpg,533_kitchen.jpg,533_frontal.jpg,407000
4,3,2312,94531,534.png,534_bathroom.jpg,534_bedroom.jpg,534_kitchen.jpg,534_frontal.jpg,419000
5,3,3796,94531,535.png,535_bathroom.jpg,535_bedroom.jpg,535_kitchen.jpg,535_frontal.jpg,615000
