bathrooms,bedrooms,area,zipcode,bathroom_image,kitchen_image,bedroom_image,frontal_image,price
5,5,3816,92880,285_bathroom.jpg,285_kitchen.jpg,285_bedroom.jpg,285_frontal.jpg,589900
2,2,1440,92276,348_bathroom.jpg,348_kitchen.jpg,348_bedroom.jpg,348_frontal.jpg,106000
3,4,1625,93510,441_bathroom.jpg,441_kitchen.jpg,441_bedroom.jpg,441_frontal.jpg,639000
3,4,2454,93510,422_bathroom.jpg,422_kitchen.jpg,422_bedroom.jpg,422_frontal.jpg,5858000
4.5,4,4038,92677,150_bathroom.jpg,150_kitchen.jpg,150_bedroom.jpg,150_frontal.jpg,1795000
2,3,1490,94501,193_bathroom.jpg,193_kitchen.jpg,193_bedroom.jpg,193_frontal.jpg,949000
3,4,1606,92802,511_bathroom.jpg,511_kitchen.jpg,511_bedroom.jpg,511_frontal.jpg,850000
2,2,960,92276,366_bathroom.jpg,366_kitchen.jpg,366_bedroom.jpg,366_frontal.jpg,79900
3.5,4,9536,94531,532_bathroom.jpg,532_kitchen.jpg,532_bedroom.jpg,532_frontal.jpg,460000
3,5,3200,92880,239_bathroom.jpg,239_kitchen.jpg,239_bedroom.jpg,239_frontal.jpg,568000
2,3,1440,92276,408_bathroom.jpg,408_kitchen.jpg,408_bedroom.jpg,408_frontal.jpg,169900
4.5,4,3740,62249,70_bathroom.jpg,70_kitchen.jpg,70_bedroom.jpg,70_frontal.jpg,339900
2,3,1397,92276,377_bathroom.jpg,377_kitchen.jpg,377_bedroom.jpg,377_frontal.jpg,199000
2,3,1236,93510,319_bathroom.jpg,319_kitchen.jpg,319_bedroom.jpg,319_frontal.jpg,221000
3.5,5,2879,94501,185_bathroom.jpg,185_kitchen.jpg,185_bedroom.jpg,185_frontal.jpg,1327685
2,3,1469,93446,466_bathroom.jpg,466_kitchen.jpg,466_bedroom.jpg,466_frontal.jpg,299900
2,4,1881,96019,154_bathroom.jpg,154_kitchen.jpg,154_bedroom.jpg,154_frontal.jpg,245000
2,3,2061,93510,447_bathroom.jpg,447_kitchen.jpg,447_bedroom.jpg,447_frontal.jpg,529000
2,3,1475,93111,226_bathroom.jpg,226_kitchen.jpg,226_bedroom.jpg,226_frontal.jpg,769000
4.5,4,3885,92021,125_bathroom.jpg,125_kitchen.jpg,125_bedroom.jpg,125_frontal.jpg,825500
2,2,1600,92276,374_bathroom.jpg,374_kitchen.jpg,374_bedroom.jpg,374_frontal.jpg,147000
2,2,2024,92276,375_bathroom.jpg,375_kitchen.jpg,375_bedroom.jpg,375_frontal.jpg,214900
2,3,2108,93446,491_bathroom.jpg,491_kitchen.jpg,491_bedroom.jpg,491_frontal.jpg,439000
2,3,1372,96019,156_bathroom.jpg,156_kitchen.jpg,156_bedroom.jpg,156_frontal.jpg,178000
4,4,3254,93510,424_bathroom.jpg,424_kitchen.jpg,424_bedroom.jpg,424_frontal.jpg,674900
2,2,1930,92276,355_bathroom.jpg,355_kitchen.jpg,355_bedroom.jpg,355_frontal.jpg,164900
1,2,1100,92276,290_bathroom.jpg,290_kitchen.jpg,290_bedroom.jpg,290_frontal.jpg,36000
3.5,4,2090,93446,471_bathroom.jpg,471_kitchen.jpg,471_bedroom.jpg,471_frontal.jpg,499000
1.5,3,1080,93446,463_bathroom.jpg,463_kitchen.jpg,463_bedroom.jpg,463_frontal.jpg,325000
2,2,1486,92276,409_bathroom.jpg,409_kitchen.jpg,409_bedroom.jpg,409_frontal.jpg,154000
2,2,1440,92276,421_bathroom.jpg,421_kitchen.jpg,421_bedroom.jpg,421_frontal.jpg,110000
3.5,3,4143,85266,20_bathroom.jpg,20_kitchen.jpg,20_bedroom.jpg,20_frontal.jpg,925000
2,2,1440,92276,363_bathroom.jpg,363_kitchen.jpg,363_bedroom.jpg,363_frontal.jpg,77000
3,4,2174,81524,57_bathroom.jpg,57_kitchen.jpg,57_bedroom.jpg,57_frontal.jpg,439900
2,2,1344,92276,391_bathroom.jpg,391_kitchen.jpg,391_bedroom.jpg,391_frontal.jpg,129900
4,6,4311,92880,266_bathroom.jpg,266_kitchen.jpg,266_bedroom.jpg,266_frontal.jpg,695000
2,3,1200,92276,362_bathroom.jpg,362_kitchen.jpg,362_bedroom.jpg,362_frontal.jpg,225000
2.5,3,1554,92802,512_bathroom.jpg,512_kitchen.jpg,512_bedroom.jpg,512_frontal.jpg,409900
2,2,1152,92276,365_bathroom.jpg,365_kitchen.jpg,365_bedroom.jpg,365_frontal.jpg,96500
4,4,4954,85262,26_bathroom.jpg,26_kitchen.jpg,26_bedroom.jpg,26_frontal.jpg,1290000
3,3,1905,92880,275_bathroom.jpg,275_kitchen.jpg,275_bedroom.jpg,275_frontal.jpg,448000
2,3,2153,98021,43_bathroom.jpg,43_kitchen.jpg,43_bedroom.jpg,43_frontal.jpg,435000
2,2,1152,92276,333_bathroom.jpg,333_kitchen.jpg,333_bedroom.jpg,333_frontal.jpg,138500
3,4,2870,92880,305_bathroom.jpg,305_kitchen.jpg,305_bedroom.jpg,305_frontal.jpg,489000
2,3,1368,92276,294_bathroom.jpg,294_kitchen.jpg,294_bedroom.jpg,294_frontal.jpg,193000
5,5,4014,92880,302_bathroom.jpg,302_kitchen.jpg,302_bedroom.jpg,302_frontal.jpg,542000
2.5,4,6000,92677,127_bathroom.jpg,127_kitchen.jpg,127_bedroom.jpg,127_frontal.jpg,869000
3,5,2533,94565,272_bathroom.jpg,272_kitchen.jpg,272_bedroom.jpg,272_frontal.jpg,540000
2,4,1866,92276,357_bathroom.jpg,357_kitchen.jpg,357_bedroom.jpg,357_frontal.jpg,256000
3.5,4,3428,85255,32_bathroom.jpg,32_kitchen.jpg,32_bedroom.jpg,32_frontal.jpg,1039000
3,4,1613,91901,114_bathroom.jpg,114_kitchen.jpg,114_bedroom.jpg,114_frontal.jpg,749900
2,2,1257,93446,496_bathroom.jpg,496_kitchen.jpg,496_bedroom.jpg,496_frontal.jpg,380000
2.5,3,2644,92276,372_bathroom.jpg,372_kitchen.jpg,372_bedroom.jpg,372_frontal.jpg,379500
2,3,2198,93446,483_bathroom.jpg,483_kitchen.jpg,483_bedroom.jpg,483_frontal.jpg,625000
2,3,1508,81524,58_bathroom.jpg,58_kitchen.jpg,58_bedroom.jpg,58_frontal.jpg,450000
3,5,3188,92880,228_bathroom.jpg,228_kitchen.jpg,228_bedroom.jpg,228_frontal.jpg,567500
4.5,4,4031,85262,25_bathroom.jpg,25_kitchen.jpg,25_bedroom.jpg,25_frontal.jpg,1345000
4,3,2748,85255,18_bathroom.jpg,18_kitchen.jpg,18_bedroom.jpg,18_frontal.jpg,725000
3,5,3122,94501,211_bathroom.jpg,211_kitchen.jpg,211_bedroom.jpg,211_frontal.jpg,899000
2.5,3,2750,62234,67_bathroom.jpg,67_kitchen.jpg,67_bedroom.jpg,67_frontal.jpg,219500
2,3,1796,93111,223_bathroom.jpg,223_kitchen.jpg,223_bedroom.jpg,223_frontal.jpg,897000
2,3,1376,92276,407_bathroom.jpg,407_kitchen.jpg,407_bedroom.jpg,407_frontal.jpg,174900
3,4,3624,93510,438_bathroom.jpg,438_kitchen.jpg,438_bedroom.jpg,438_frontal.jpg,698777
2,3,2078,94501,178_bathroom.jpg,178_kitchen.jpg,178_bedroom.jpg,178_frontal.jpg,888000
2,3,960,91901,95_bathroom.jpg,95_kitchen.jpg,95_bedroom.jpg,95_frontal.jpg,65000
1.5,2,1120,94501,181_bathroom.jpg,181_kitchen.jpg,181_bedroom.jpg,181_frontal.jpg,435000
2,2,1056,92276,401_bathroom.jpg,401_kitchen.jpg,401_bedroom.jpg,401_frontal.jpg,68500
5,5,5677,85377,24_bathroom.jpg,24_kitchen.jpg,24_bedroom.jpg,24_frontal.jpg,1375000
3,4,2287,90265,262_bathroom.jpg,262_kitchen.jpg,262_bedroom.jpg,262_frontal.jpg,1695000
2,2,1640,92276,350_bathroom.jpg,350_kitchen.jpg,350_bedroom.jpg,350_frontal.jpg,104950
1.5,3,1214,92802,508_bathroom.jpg,508_kitchen.jpg,508_bedroom.jpg,508_frontal.jpg,424900
5,4,4581,85266,6_bathroom.jpg,6_kitchen.jpg,6_bedroom.jpg,6_frontal.jpg,1249000
2,4,1771,92021,117_bathroom.jpg,117_kitchen.jpg,117_bedroom.jpg,117_frontal.jpg,475000
3,3,2134,81524,46_bathroom.jpg,46_kitchen.jpg,46_bedroom.jpg,46_frontal.jpg,425000
2,2,1056,93446,479_bathroom.jpg,479_kitchen.jpg,479_bedroom.jpg,479_frontal.jpg,179900
4,5,3565,92880,300_bathroom.jpg,300_kitchen.jpg,300_bedroom.jpg,300_frontal.jpg,537000
3,5,3710,85331,17_bathroom.jpg,17_kitchen.jpg,17_bedroom.jpg,17_frontal.jpg,740000
2,3,1471,92802,506_bathroom.jpg,506_kitchen.jpg,506_bedroom.jpg,506_frontal.jpg,525000
2,4,1916,93510,456_bathroom.jpg,456_kitchen.jpg,456_bedroom.jpg,456_frontal.jpg,549950
5,5,4022,85262,4_bathroom.jpg,4_kitchen.jpg,4_bedroom.jpg,4_frontal.jpg,910000
4,4,4600,93446,473_bathroom.jpg,473_kitchen.jpg,473_bedroom.jpg,473_frontal.jpg,1250000
3.5,5,3149,92880,299_bathroom.jpg,299_kitchen.jpg,299_bedroom.jpg,299_frontal.jpg,500000
2.5,3,1776,62034,61_bathroom.jpg,61_kitchen.jpg,61_bedroom.jpg,61_frontal.jpg,209900
3,4,3277,91901,111_bathroom.jpg,111_kitchen.jpg,111_bedroom.jpg,111_frontal.jpg,669000
2,2,1344,92276,349_bathroom.jpg,349_kitchen.jpg,349_bedroom.jpg,349_frontal.jpg,67500
2,3,1940,93446,461_bathroom.jpg,461_kitchen.jpg,461_bedroom.jpg,461_frontal.jpg,530000
4.5,5,4829,85266,30_bathroom.jpg,30_kitchen.jpg,30_bedroom.jpg,30_frontal.jpg,1199000
2,4,1426,93111,219_bathroom.jpg,219_kitchen.jpg,219_bedroom.jpg,219_frontal.jpg,949000
2,2,994,94501,197_bathroom.jpg,197_kitchen.jpg,197_bedroom.jpg,197_frontal.jpg,479000
4.5,4,3550,85262,27_bathroom.jpg,27_kitchen.jpg,27_bedroom.jpg,27_frontal.jpg,962500
5,4,5524,85266,8_bathroom.jpg,8_kitchen.jpg,8_bedroom.jpg,8_frontal.jpg,1698000
2.5,3,2185,94501,182_bathroom.jpg,182_kitchen.jpg,182_bedroom.jpg,182_frontal.jpg,490000
4.5,6,4386,93446,494_bathroom.jpg,494_kitchen.jpg,494_bedroom.jpg,494_frontal.jpg,759000
3,4,3706,91901,109_bathroom.jpg,109_kitchen.jpg,109_bedroom.jpg,109_frontal.jpg,848000
3.5,3,2792,85255,38_bathroom.jpg,38_kitchen.jpg,38_bedroom.jpg,38_frontal.jpg,799900
2,3,1306,96019,158_bathroom.jpg,158_kitchen.jpg,158_bedroom.jpg,158_frontal.jpg,239900
2.5,2,987,92802,510_bathroom.jpg,510_kitchen.jpg,510_bedroom.jpg,510_frontal.jpg,475000
2.5,3,1680,92021,119_bathroom.jpg,119_kitchen.jpg,119_bedroom.jpg,119_frontal.jpg,389000
2,3,1382,92021,115_bathroom.jpg,115_kitchen.jpg,115_bedroom.jpg,115_frontal.jpg,429900
2.5,2,960,92276,339_bathroom.jpg,339_kitchen.jpg,339_bedroom.jpg,339_frontal.jpg,135000
3.5,3,2724,94501,204_bathroom.jpg,204_kitchen.jpg,204_bedroom.jpg,204_frontal.jpg,1150000
1,1,701,94501,176_bathroom.jpg,176_kitchen.jpg,176_bedroom.jpg,176_frontal.jpg,339000
2,4,2304,93111,221_bathroom.jpg,221_kitchen.jpg,221_bedroom.jpg,221_frontal.jpg,1495000
2,3,2971,93446,396_bathroom.jpg,396_kitchen.jpg,396_bedroom.jpg,396_frontal.jpg,2395000
2.5,3,2141,92677,145_bathroom.jpg,145_kitchen.jpg,145_bedroom.jpg,145_frontal.jpg,750000
1,2,805,94501,195_bathroom.jpg,195_kitchen.jpg,195_bedroom.jpg,195_frontal.jpg,625000
2,3,1806,92276,403_bathroom.jpg,403_kitchen.jpg,403_bedroom.jpg,403_frontal.jpg,179000
2,2,1440,92276,415_bathroom.jpg,415_kitchen.jpg,415_bedroom.jpg,415_frontal.jpg,94900
4,6,4311,92880,232_bathroom.jpg,232_kitchen.jpg,232_bedroom.jpg,232_frontal.jpg,695000
3,4,1882,92802,509_bathroom.jpg,509_kitchen.jpg,509_bedroom.jpg,509_frontal.jpg,825000
2.5,3,2295,90211,256_bathroom.jpg,256_kitchen.jpg,256_bedroom.jpg,256_frontal.jpg,1500000
2,2,900,93446,488_bathroom.jpg,488_kitchen.jpg,488_bedroom.jpg,488_frontal.jpg,125000
2.5,3,1950,92677,142_bathroom.jpg,142_kitchen.jpg,142_bedroom.jpg,142_frontal.jpg,895000
2,2,960,92276,399_bathroom.jpg,399_kitchen.jpg,399_bedroom.jpg,399_frontal.jpg,69500
3,4,2851,62234,68_bathroom.jpg,68_kitchen.jpg,68_bedroom.jpg,68_frontal.jpg,186500
3,5,3013,92880,249_bathroom.jpg,249_kitchen.jpg,249_bedroom.jpg,249_frontal.jpg,530000
2.5,3,3467,95220,169_bathroom.jpg,169_kitchen.jpg,169_bedroom.jpg,169_frontal.jpg,1449000
2.5,4,2020,94501,189_bathroom.jpg,189_kitchen.jpg,189_bedroom.jpg,189_frontal.jpg,825000
2,2,1380,92276,292_bathroom.jpg,292_kitchen.jpg,292_bedroom.jpg,292_frontal.jpg,125000
2,3,1508,93510,430_bathroom.jpg,430_kitchen.jpg,430_bedroom.jpg,430_frontal.jpg,449000
3,4,3141,92880,251_bathroom.jpg,251_kitchen.jpg,251_bedroom.jpg,251_frontal.jpg,529999
1,2,834,94501,194_bathroom.jpg,194_kitchen.jpg,194_bedroom.jpg,194_frontal.jpg,549000
2,2,1845,91901,82_bathroom.jpg,82_kitchen.jpg,82_bedroom.jpg,82_frontal.jpg,529800
4.5,5,4874,91901,110_bathroom.jpg,110_kitchen.jpg,110_bedroom.jpg,110_frontal.jpg,1499000
4,6,4311,92880,276_bathroom.jpg,276_kitchen.jpg,276_bedroom.jpg,276_frontal.jpg,669472
2.5,3,1655,92677,146_bathroom.jpg,146_kitchen.jpg,146_bedroom.jpg,146_frontal.jpg,649900
2.5,3,2836,91901,93_bathroom.jpg,93_kitchen.jpg,93_bedroom.jpg,93_frontal.jpg,979000
2,2,1056,96019,153_bathroom.jpg,153_kitchen.jpg,153_bedroom.jpg,153_frontal.jpg,22000
2,4,1512,93720,258_bathroom.jpg,258_kitchen.jpg,258_bedroom.jpg,258_frontal.jpg,89900
2,3,3326,93510,429_bathroom.jpg,429_kitchen.jpg,429_bedroom.jpg,429_frontal.jpg,549000
3,4,3010,92880,273_bathroom.jpg,273_kitchen.jpg,273_bedroom.jpg,273_frontal.jpg,490000
1,2,960,92276,389_bathroom.jpg,389_kitchen.jpg,389_bedroom.jpg,389_frontal.jpg,49900
2.5,4,3060,91901,84_bathroom.jpg,84_kitchen.jpg,84_bedroom.jpg,84_frontal.jpg,699999
2.5,4,2726,91901,104_bathroom.jpg,104_kitchen.jpg,104_bedroom.jpg,104_frontal.jpg,644900
3,4,3548,95220,166_bathroom.jpg,166_kitchen.jpg,166_bedroom.jpg,166_frontal.jpg,824999
2.5,4,1580,95220,164_bathroom.jpg,164_kitchen.jpg,164_bedroom.jpg,164_frontal.jpg,475000
2.5,3,1652,94501,200_bathroom.jpg,200_kitchen.jpg,200_bedroom.jpg,200_frontal.jpg,649000
2,2,1059,93510,452_bathroom.jpg,452_kitchen.jpg,452_bedroom.jpg,452_frontal.jpg,445000
3.5,4,2116,60002,75_bathroom.jpg,75_kitchen.jpg,75_bedroom.jpg,75_frontal.jpg,229000
2,2,1598,92276,337_bathroom.jpg,337_kitchen.jpg,337_bedroom.jpg,337_frontal.jpg,136900
3,4,2257,90803,269_bathroom.jpg,269_kitchen.jpg,269_bedroom.jpg,269_frontal.jpg,1299000
2.5,3,1717,92802,513_bathroom.jpg,513_kitchen.jpg,513_bedroom.jpg,513_frontal.jpg,540000
2,4,1696,92021,120_bathroom.jpg,120_kitchen.jpg,120_bedroom.jpg,120_frontal.jpg,379000
3,4,2570,92880,306_bathroom.jpg,306_kitchen.jpg,306_bedroom.jpg,306_frontal.jpg,510000
2,4,2252,93510,326_bathroom.jpg,326_kitchen.jpg,326_bedroom.jpg,326_frontal.jpg,585000
3,4,2579,92880,278_bathroom.jpg,278_kitchen.jpg,278_bedroom.jpg,278_frontal.jpg,520000
2,2,1152,92276,387_bathroom.jpg,387_kitchen.jpg,387_bedroom.jpg,387_frontal.jpg,99000
3,4,2312,94531,534_bathroom.jpg,534_kitchen.jpg,534_bedroom.jpg,534_frontal.jpg,419000
3,2,1280,92276,398_bathroom.jpg,398_kitchen.jpg,398_bedroom.jpg,398_frontal.jpg,69900
4,4,2893,92880,279_bathroom.jpg,279_kitchen.jpg,279_bedroom.jpg,279_frontal.jpg,520000
2,4,1717,93510,442_bathroom.jpg,442_kitchen.jpg,442_bedroom.jpg,442_frontal.jpg,494000
2,3,1248,93510,322_bathroom.jpg,322_kitchen.jpg,322_bedroom.jpg,322_frontal.jpg,240000
2,2,1440,92276,418_bathroom.jpg,418_kitchen.jpg,418_bedroom.jpg,418_frontal.jpg,99900
3,5,3767,92880,298_bathroom.jpg,298_kitchen.jpg,298_bedroom.jpg,298_frontal.jpg,567000
5.5,5,3932,85262,37_bathroom.jpg,37_kitchen.jpg,37_bedroom.jpg,37_frontal.jpg,1089000
2,2,1935,92677,140_bathroom.jpg,140_kitchen.jpg,140_bedroom.jpg,140_frontal.jpg,738000
3,2,1627,92253,254_bathroom.jpg,254_kitchen.jpg,254_bedroom.jpg,254_frontal.jpg,550000
2,4,2334,94531,520_bathroom.jpg,520_kitchen.jpg,520_bedroom.jpg,520_frontal.jpg,460000
2,3,1709,62234,60_bathroom.jpg,60_kitchen.jpg,60_bedroom.jpg,60_frontal.jpg,104900
3.5,3,4289,91901,112_bathroom.jpg,112_kitchen.jpg,112_bedroom.jpg,112_frontal.jpg,1195000
1.5,2,1800,92276,287_bathroom.jpg,287_kitchen.jpg,287_bedroom.jpg,287_frontal.jpg,163000
2,2,1248,92276,291_bathroom.jpg,291_kitchen.jpg,291_bedroom.jpg,291_frontal.jpg,115000
2,2,1503,92692,263_bathroom.jpg,263_kitchen.jpg,263_bedroom.jpg,263_frontal.jpg,664900
2,2,1440,92276,394_bathroom.jpg,394_kitchen.jpg,394_bedroom.jpg,394_frontal.jpg,83900
4,5,3489,92677,151_bathroom.jpg,151_kitchen.jpg,151_bedroom.jpg,151_frontal.jpg,1650000
4,4,2460,90038,267_bathroom.jpg,267_kitchen.jpg,267_bedroom.jpg,267_frontal.jpg,1550000
2,2,1020,92276,416_bathroom.jpg,416_kitchen.jpg,416_bedroom.jpg,416_frontal.jpg,42900
4.5,3,4228,85255,39_bathroom.jpg,39_kitchen.jpg,39_bedroom.jpg,39_frontal.jpg,1229000
2,3,1248,92276,343_bathroom.jpg,343_kitchen.jpg,343_bedroom.jpg,343_frontal.jpg,139500
1.5,3,1581,94501,199_bathroom.jpg,199_kitchen.jpg,199_bedroom.jpg,199_frontal.jpg,895000
5,4,3307,92880,281_bathroom.jpg,281_kitchen.jpg,281_bedroom.jpg,281_frontal.jpg,519900
2.5,3,2225,92677,147_bathroom.jpg,147_kitchen.jpg,147_bedroom.jpg,147_frontal.jpg,949000
3.5,4,3420,94531,528_bathroom.jpg,528_kitchen.jpg,528_bedroom.jpg,528_frontal.jpg,550000
2.5,3,2125,92677,148_bathroom.jpg,148_kitchen.jpg,148_bedroom.jpg,148_frontal.jpg,728000
2,2,2015,92276,335_bathroom.jpg,335_kitchen.jpg,335_bedroom.jpg,335_frontal.jpg,219000
2.5,3,2326,93510,311_bathroom.jpg,311_kitchen.jpg,311_bedroom.jpg,311_frontal.jpg,553000
2.5,4,2319,92021,124_bathroom.jpg,124_kitchen.jpg,124_bedroom.jpg,124_frontal.jpg,699800
3,3,2356,93510,450_bathroom.jpg,450_kitchen.jpg,450_bedroom.jpg,450_frontal.jpg,710000
3,5,3747,91901,97_bathroom.jpg,97_kitchen.jpg,97_bedroom.jpg,97_frontal.jpg,925000
3,4,2614,92677,144_bathroom.jpg,144_kitchen.jpg,144_bedroom.jpg,144_frontal.jpg,1045000
4,5,3270,92880,240_bathroom.jpg,240_kitchen.jpg,240_bedroom.jpg,240_frontal.jpg,560000
5,4,3834,92880,297_bathroom.jpg,297_kitchen.jpg,297_bedroom.jpg,297_frontal.jpg,530000
2.5,3,1675,91901,98_bathroom.jpg,98_kitchen.jpg,98_bedroom.jpg,98_frontal.jpg,470000
3,3,2390,93446,465_bathroom.jpg,465_kitchen.jpg,465_bedroom.jpg,465_frontal.jpg,769000
2,3,1454,92276,383_bathroom.jpg,383_kitchen.jpg,383_bedroom.jpg,383_frontal.jpg,122500
3,5,4200,92021,123_bathroom.jpg,123_kitchen.jpg,123_bedroom.jpg,123_frontal.jpg,799000
1,2,766,94501,184_bathroom.jpg,184_kitchen.jpg,184_bedroom.jpg,184_frontal.jpg,598000
3,3,2361,94501,203_bathroom.jpg,203_kitchen.jpg,203_bedroom.jpg,203_frontal.jpg,988000
3,5,3340,92880,247_bathroom.jpg,247_kitchen.jpg,247_bedroom.jpg,247_frontal.jpg,534977
2,2,1440,92276,334_bathroom.jpg,334_kitchen.jpg,334_bedroom.jpg,334_frontal.jpg,97500
4,6,3705,93510,324_bathroom.jpg,324_kitchen.jpg,324_bedroom.jpg,324_frontal.jpg,765000
2,2,1040,92276,384_bathroom.jpg,384_kitchen.jpg,384_bedroom.jpg,384_frontal.jpg,67900
2,2,1440,92276,411_bathroom.jpg,411_kitchen.jpg,411_bedroom.jpg,411_frontal.jpg,62500
2.5,3,2824,93510,432_bathroom.jpg,432_kitchen.jpg,432_bedroom.jpg,432_frontal.jpg,569000
2,3,2691,93510,308_bathroom.jpg,308_kitchen.jpg,308_bedroom.jpg,308_frontal.jpg,675000
6.5,6,7000,92677,126_bathroom.jpg,126_kitchen.jpg,126_bedroom.jpg,126_frontal.jpg,3850000
2,3,2315,93510,330_bathroom.jpg,330_kitchen.jpg,330_bedroom.jpg,330_frontal.jpg,499000
4.5,4,2844,93111,224_bathroom.jpg,224_kitchen.jpg,224_bedroom.jpg,224_frontal.jpg,1595000
2.5,4,2699,93446,468_bathroom.jpg,468_kitchen.jpg,468_bedroom.jpg,468_frontal.jpg,629000
2,3,1447,93111,220_bathroom.jpg,220_kitchen.jpg,220_bedroom.jpg,220_frontal.jpg,1080000
3,3,1825,92677,130_bathroom.jpg,130_kitchen.jpg,130_bedroom.jpg,130_frontal.jpg,685000
5,6,4090,93510,457_bathroom.jpg,457_kitchen.jpg,457_bedroom.jpg,457_frontal.jpg,859000
1,3,1337,93510,313_bathroom.jpg,313_kitchen.jpg,313_bedroom.jpg,313_frontal.jpg,335000
2,2,1840,92276,382_bathroom.jpg,382_kitchen.jpg,382_bedroom.jpg,382_frontal.jpg,160000
2,2,1722,92276,412_bathroom.jpg,412_kitchen.jpg,412_bedroom.jpg,412_frontal.jpg,174500
2.5,4,2362,93510,325_bathroom.jpg,325_kitchen.jpg,325_bedroom.jpg,325_frontal.jpg,539900
2,3,1400,93446,458_bathroom.jpg,458_kitchen.jpg,458_bedroom.jpg,458_frontal.jpg,139900
2,3,1640,93446,490_bathroom.jpg,490_kitchen.jpg,490_bedroom.jpg,490_frontal.jpg,425000
2,3,2788,92276,295_bathroom.jpg,295_kitchen.jpg,295_bedroom.jpg,295_frontal.jpg,385000
2,2,1640,92276,400_bathroom.jpg,400_kitchen.jpg,400_bedroom.jpg,400_frontal.jpg,79500
2,2,1440,92276,371_bathroom.jpg,371_kitchen.jpg,371_bedroom.jpg,371_frontal.jpg,84900
2,2,1820,92276,332_bathroom.jpg,332_kitchen.jpg,332_bedroom.jpg,332_frontal.jpg,225000
3.5,5,3778,91901,113_bathroom.jpg,113_kitchen.jpg,113_bedroom.jpg,113_frontal.jpg,949000
2,3,1789,94501,180_bathroom.jpg,180_kitchen.jpg,180_bedroom.jpg,180_frontal.jpg,895000
2,2,1248,92276,336_bathroom.jpg,336_kitchen.jpg,336_bedroom.jpg,336_frontal.jpg,103500
2,2,1344,92276,370_bathroom.jpg,370_kitchen.jpg,370_bedroom.jpg,370_frontal.jpg,84900
1,2,960,92276,361_bathroom.jpg,361_kitchen.jpg,361_bedroom.jpg,361_frontal.jpg,63500
3,4,2987,93510,315_bathroom.jpg,315_kitchen.jpg,315_bedroom.jpg,315_frontal.jpg,615000
2.5,3,1808,96019,152_bathroom.jpg,152_kitchen.jpg,152_bedroom.jpg,152_frontal.jpg,219800
2,3,1766,92276,393_bathroom.jpg,393_kitchen.jpg,393_bedroom.jpg,393_frontal.jpg,129000
4,6,3635,92880,234_bathroom.jpg,234_kitchen.jpg,234_bedroom.jpg,234_frontal.jpg,585000
2,2,1088,93446,487_bathroom.jpg,487_kitchen.jpg,487_bedroom.jpg,487_frontal.jpg,275000
2,2,1544,92276,378_bathroom.jpg,378_kitchen.jpg,378_bedroom.jpg,378_frontal.jpg,124900
3,4,2462,95220,165_bathroom.jpg,165_kitchen.jpg,165_bedroom.jpg,165_frontal.jpg,915000
4,5,3198,93510,318_bathroom.jpg,318_kitchen.jpg,318_bedroom.jpg,318_frontal.jpg,695000
3.5,3,2800,92677,137_bathroom.jpg,137_kitchen.jpg,137_bedroom.jpg,137_frontal.jpg,1399999
2.5,3,1665,94501,198_bathroom.jpg,198_kitchen.jpg,198_bedroom.jpg,198_frontal.jpg,875000
3.5,5,3149,92880,259_bathroom.jpg,259_kitchen.jpg,259_bedroom.jpg,259_frontal.jpg,515000
4,5,2809,92880,233_bathroom.jpg,233_kitchen.jpg,233_bedroom.jpg,233_frontal.jpg,635900
2.5,3,3300,92021,116_bathroom.jpg,116_kitchen.jpg,116_bedroom.jpg,116_frontal.jpg,935000
2,4,2150,92021,121_bathroom.jpg,121_kitchen.jpg,121_bedroom.jpg,121_frontal.jpg,578000
1.5,1,1440,92276,381_bathroom.jpg,381_kitchen.jpg,381_bedroom.jpg,381_frontal.jpg,87500
3.5,3,1876,93111,225_bathroom.jpg,225_kitchen.jpg,225_bedroom.jpg,225_frontal.jpg,1149000
3,3,2848,93510,439_bathroom.jpg,439_kitchen.jpg,439_bedroom.jpg,439_frontal.jpg,547900
2,2,1248,92276,368_bathroom.jpg,368_kitchen.jpg,368_bedroom.jpg,368_frontal.jpg,117500
2.5,2,915,92677,128_bathroom.jpg,128_kitchen.jpg,128_bedroom.jpg,128_frontal.jpg,347000
3,5,3679,94531,526_bathroom.jpg,526_kitchen.jpg,526_bedroom.jpg,526_frontal.jpg,525000
2,2,1152,92276,286_bathroom.jpg,286_kitchen.jpg,286_bedroom.jpg,286_frontal.jpg,96900
2,2,1248,93446,472_bathroom.jpg,472_kitchen.jpg,472_bedroom.jpg,472_frontal.jpg,175000
4,4,3522,93510,448_bathroom.jpg,448_kitchen.jpg,448_bedroom.jpg,448_frontal.jpg,680000
3.5,4,1084,91901,108_bathroom.jpg,108_kitchen.jpg,108_bedroom.jpg,108_frontal.jpg,875000
2,2,1344,92276,404_bathroom.jpg,404_kitchen.jpg,404_bedroom.jpg,404_frontal.jpg,89500
2,2,1240,92276,356_bathroom.jpg,356_kitchen.jpg,356_bedroom.jpg,356_frontal.jpg,117000
7,7,3265,92677,134_bathroom.jpg,134_kitchen.jpg,134_bedroom.jpg,134_frontal.jpg,1200000
2,2,1468,92276,397_bathroom.jpg,397_kitchen.jpg,397_bedroom.jpg,397_frontal.jpg,125000
2,4,1928,81524,45_bathroom.jpg,45_kitchen.jpg,45_bedroom.jpg,45_frontal.jpg,350000
2,3,1472,93446,503_bathroom.jpg,503_kitchen.jpg,503_bedroom.jpg,503_frontal.jpg,309995
3.5,4,3768,62234,66_bathroom.jpg,66_kitchen.jpg,66_bedroom.jpg,66_frontal.jpg,254900
3,4,3010,92880,284_bathroom.jpg,284_kitchen.jpg,284_bedroom.jpg,284_frontal.jpg,525000
2,3,1706,91901,86_bathroom.jpg,86_kitchen.jpg,86_bedroom.jpg,86_frontal.jpg,529000
4,5,3500,92880,243_bathroom.jpg,243_kitchen.jpg,243_bedroom.jpg,243_frontal.jpg,545000
3.5,4,3485,94501,187_bathroom.jpg,187_kitchen.jpg,187_bedroom.jpg,187_frontal.jpg,1895000
2,2,1680,92276,419_bathroom.jpg,419_kitchen.jpg,419_bedroom.jpg,419_frontal.jpg,69500
3.5,4,2900,96019,160_bathroom.jpg,160_kitchen.jpg,160_bedroom.jpg,160_frontal.jpg,449900
3,5,5462,85266,13_bathroom.jpg,13_kitchen.jpg,13_bedroom.jpg,13_frontal.jpg,799000
4.5,3,3893,85255,36_bathroom.jpg,36_kitchen.jpg,36_bedroom.jpg,36_frontal.jpg,1294000
4,4,4464,85377,29_bathroom.jpg,29_kitchen.jpg,29_bedroom.jpg,29_frontal.jpg,1650000
3.5,4,4838,95220,171_bathroom.jpg,171_kitchen.jpg,171_bedroom.jpg,171_frontal.jpg,1999999
2,3,1303,92677,143_bathroom.jpg,143_kitchen.jpg,143_bedroom.jpg,143_frontal.jpg,619000
3,3,2522,93510,435_bathroom.jpg,435_kitchen.jpg,435_bedroom.jpg,435_frontal.jpg,705000
3,4,1765,94531,523_bathroom.jpg,523_kitchen.jpg,523_bedroom.jpg,523_frontal.jpg,349900
2,2,1716,93105,222_bathroom.jpg,222_kitchen.jpg,222_bedroom.jpg,222_frontal.jpg,895000
2,3,2671,91901,96_bathroom.jpg,96_kitchen.jpg,96_bedroom.jpg,96_frontal.jpg,521500
2,4,2957,81524,52_bathroom.jpg,52_kitchen.jpg,52_bedroom.jpg,52_frontal.jpg,699900
5,5,4074,92880,241_bathroom.jpg,241_kitchen.jpg,241_bedroom.jpg,241_frontal.jpg,550000
2,2,1344,92276,406_bathroom.jpg,406_kitchen.jpg,406_bedroom.jpg,406_frontal.jpg,104900
2,2,1512,92276,352_bathroom.jpg,352_kitchen.jpg,352_bedroom.jpg,352_frontal.jpg,98900
2.5,4,2422,94531,517_bathroom.jpg,517_kitchen.jpg,517_bedroom.jpg,517_frontal.jpg,468000
1.5,3,1524,94501,179_bathroom.jpg,179_kitchen.jpg,179_bedroom.jpg,179_frontal.jpg,749000
2,5,7627,98021,42_bathroom.jpg,42_kitchen.jpg,42_bedroom.jpg,42_frontal.jpg,638940
2.5,3,1935,92802,505_bathroom.jpg,505_kitchen.jpg,505_bedroom.jpg,505_frontal.jpg,695000
2,3,2346,93510,423_bathroom.jpg,423_kitchen.jpg,423_bedroom.jpg,423_frontal.jpg,557000
2,3,1413,94501,207_bathroom.jpg,207_kitchen.jpg,207_bedroom.jpg,207_frontal.jpg,619000
4,5,3972,91752,283_bathroom.jpg,283_kitchen.jpg,283_bedroom.jpg,283_frontal.jpg,525000
2,2,1388,92276,359_bathroom.jpg,359_kitchen.jpg,359_bedroom.jpg,359_frontal.jpg,167400
1,1,840,94568,255_bathroom.jpg,255_kitchen.jpg,255_bedroom.jpg,255_frontal.jpg,303590
1,2,1320,93510,449_bathroom.jpg,449_kitchen.jpg,449_bedroom.jpg,449_frontal.jpg,520000
4,3,4116,85266,5_bathroom.jpg,5_kitchen.jpg,5_bedroom.jpg,5_frontal.jpg,971226
6,8,5900,92040,257_bathroom.jpg,257_kitchen.jpg,257_bedroom.jpg,257_frontal.jpg,1350000
2,2,1538,93446,489_bathroom.jpg,489_kitchen.jpg,489_bedroom.jpg,489_frontal.jpg,699500
2,3,1288,91901,101_bathroom.jpg,101_kitchen.jpg,101_bedroom.jpg,101_frontal.jpg,549000
3.5,3,3136,93111,227_bathroom.jpg,227_kitchen.jpg,227_bedroom.jpg,227_frontal.jpg,2150000
4,4,3000,93446,500_bathroom.jpg,500_kitchen.jpg,500_bedroom.jpg,500_frontal.jpg,1495000
1.5,3,1581,94501,214_bathroom.jpg,214_kitchen.jpg,214_bedroom.jpg,214_frontal.jpg,895000
4,7,3871,94531,525_bathroom.jpg,525_kitchen.jpg,525_bedroom.jpg,525_frontal.jpg,569950
3,4,2840,95220,172_bathroom.jpg,172_kitchen.jpg,172_bedroom.jpg,172_frontal.jpg,799900
2.5,4,3115,93446,99_bathroom.jpg,99_kitchen.jpg,99_bedroom.jpg,99_frontal.jpg,629000
2,2,960,92276,293_bathroom.jpg,293_kitchen.jpg,293_bedroom.jpg,293_frontal.jpg,100000
3.5,4,3651,93111,216_bathroom.jpg,216_kitchen.jpg,216_bedroom.jpg,216_frontal.jpg,1749000
3.5,5,4560,62025,62_bathroom.jpg,62_kitchen.jpg,62_bedroom.jpg,62_frontal.jpg,520000
3,3,2462,81524,48_bathroom.jpg,48_kitchen.jpg,48_bedroom.jpg,48_frontal.jpg,589900
2,3,1802,93446,33_bathroom.jpg,33_kitchen.jpg,33_bedroom.jpg,33_frontal.jpg,365000
3,5,3514,92880,268_bathroom.jpg,268_kitchen.jpg,268_bedroom.jpg,268_frontal.jpg,649990
2,4,2160,93510,328_bathroom.jpg,328_kitchen.jpg,328_bedroom.jpg,328_frontal.jpg,384000
1.5,2,1056,94501,201_bathroom.jpg,201_kitchen.jpg,201_bedroom.jpg,201_frontal.jpg,739000
5.5,6,5000,93446,486_bathroom.jpg,486_kitchen.jpg,486_bedroom.jpg,486_frontal.jpg,2200000
4.5,5,4180,85266,28_bathroom.jpg,28_kitchen.jpg,28_bedroom.jpg,28_frontal.jpg,875000
2,3,1448,93510,425_bathroom.jpg,425_kitchen.jpg,425_bedroom.jpg,425_frontal.jpg,349000
4,5,4014,92880,231_bathroom.jpg,231_kitchen.jpg,231_bedroom.jpg,231_frontal.jpg,699000
3,4,2530,93924,261_bathroom.jpg,261_kitchen.jpg,261_bedroom.jpg,261_frontal.jpg,1150000
2,2,1368,92276,379_bathroom.jpg,379_kitchen.jpg,379_bedroom.jpg,379_frontal.jpg,69800
2,2,1344,92276,289_bathroom.jpg,289_kitchen.jpg,289_bedroom.jpg,289_frontal.jpg,98000
2,3,1696,96019,163_bathroom.jpg,163_kitchen.jpg,163_bedroom.jpg,163_frontal.jpg,319500
2,3,1507,92276,392_bathroom.jpg,392_kitchen.jpg,392_bedroom.jpg,392_frontal.jpg,235000
6,10,4188,93446,462_bathroom.jpg,462_kitchen.jpg,462_bedroom.jpg,462_frontal.jpg,629000
2,2,1171,92677,139_bathroom.jpg,139_kitchen.jpg,139_bedroom.jpg,139_frontal.jpg,389900
3,4,2686,62025,63_bathroom.jpg,63_kitchen.jpg,63_bedroom.jpg,63_frontal.jpg,249900
3.5,4,2441,92677,136_bathroom.jpg,136_kitchen.jpg,136_bedroom.jpg,136_frontal.jpg,895500
3,4,2965,92677,129_bathroom.jpg,129_kitchen.jpg,129_bedroom.jpg,129_frontal.jpg,1349000
2.5,4,1831,94531,519_bathroom.jpg,519_kitchen.jpg,519_bedroom.jpg,519_frontal.jpg,389000
4,3,4229,85255,9_bathroom.jpg,9_kitchen.jpg,9_bedroom.jpg,9_frontal.jpg,1749000
2,3,2752,93510,327_bathroom.jpg,327_kitchen.jpg,327_bedroom.jpg,327_frontal.jpg,570000
2,3,1248,92802,507_bathroom.jpg,507_kitchen.jpg,507_bedroom.jpg,507_frontal.jpg,78000
2.5,4,2850,62234,65_bathroom.jpg,65_kitchen.jpg,65_bedroom.jpg,65_frontal.jpg,218000
3.5,6,3615,92880,301_bathroom.jpg,301_kitchen.jpg,301_bedroom.jpg,301_frontal.jpg,647000
5,5,4406,85266,15_bathroom.jpg,15_kitchen.jpg,15_bedroom.jpg,15_frontal.jpg,700000
2,3,1560,96019,157_bathroom.jpg,157_kitchen.jpg,157_bedroom.jpg,157_frontal.jpg,1795000
1,4,9583,98021,41_bathroom.jpg,41_kitchen.jpg,41_bedroom.jpg,41_frontal.jpg,395000
2,2,1624,92276,380_bathroom.jpg,380_kitchen.jpg,380_bedroom.jpg,380_frontal.jpg,185000
2,3,2330,93446,501_bathroom.jpg,501_kitchen.jpg,501_bedroom.jpg,501_frontal.jpg,599900
2,3,1152,93510,440_bathroom.jpg,440_kitchen.jpg,440_bedroom.jpg,440_frontal.jpg,425000
4.5,5,5000,93111,217_bathroom.jpg,217_kitchen.jpg,217_bedroom.jpg,217_frontal.jpg,4000000
2,3,1560,92276,410_bathroom.jpg,410_kitchen.jpg,410_bedroom.jpg,410_frontal.jpg,189000
3,4,3099,92880,280_bathroom.jpg,280_kitchen.jpg,280_bedroom.jpg,280_frontal.jpg,519900
2,3,1712,93446,474_bathroom.jpg,474_kitchen.jpg,474_bedroom.jpg,474_frontal.jpg,310000
2,5,2544,93446,470_bathroom.jpg,470_kitchen.jpg,470_bedroom.jpg,470_frontal.jpg,599000
2,2,1176,92276,338_bathroom.jpg,338_kitchen.jpg,338_bedroom.jpg,338_frontal.jpg,135000
3,4,3214,92880,237_bathroom.jpg,237_kitchen.jpg,237_bedroom.jpg,237_frontal.jpg,547900
4,5,3743,94501,208_bathroom.jpg,208_kitchen.jpg,208_bedroom.jpg,208_frontal.jpg,1295000
1,2,1134,94501,213_bathroom.jpg,213_kitchen.jpg,213_bedroom.jpg,213_frontal.jpg,599000
3.25,5,3149,92880,296_bathroom.jpg,296_kitchen.jpg,296_bedroom.jpg,296_frontal.jpg,515000
2,2,2213,93446,498_bathroom.jpg,498_kitchen.jpg,498_bedroom.jpg,498_frontal.jpg,585000
3,4,2650,92880,252_bathroom.jpg,252_kitchen.jpg,252_bedroom.jpg,252_frontal.jpg,529900
2.5,4,1794,94531,527_bathroom.jpg,527_kitchen.jpg,527_bedroom.jpg,527_frontal.jpg,380000
2.5,3,1500,93446,499_bathroom.jpg,499_kitchen.jpg,499_bedroom.jpg,499_frontal.jpg,319000
3,4,3572,92880,304_bathroom.jpg,304_kitchen.jpg,304_bedroom.jpg,304_frontal.jpg,535000
2,2,1578,92276,351_bathroom.jpg,351_kitchen.jpg,351_bedroom.jpg,351_frontal.jpg,97000
3,4,2870,92880,270_bathroom.jpg,270_kitchen.jpg,270_bedroom.jpg,270_frontal.jpg,489000
2.5,2,1772,93446,202_bathroom.jpg,202_kitchen.jpg,202_bedroom.jpg,202_frontal.jpg,499000
2,3,1008,96019,162_bathroom.jpg,162_kitchen.jpg,162_bedroom.jpg,162_frontal.jpg,164000
2.5,3,2014,98021,44_bathroom.jpg,44_kitchen.jpg,44_bedroom.jpg,44_frontal.jpg,528800
2,3,1368,93111,218_bathroom.jpg,218_kitchen.jpg,218_bedroom.jpg,218_frontal.jpg,599999
2,2,1344,92276,402_bathroom.jpg,402_kitchen.jpg,402_bedroom.jpg,402_frontal.jpg,117500
2.5,4,2300,94501,191_bathroom.jpg,191_kitchen.jpg,191_bedroom.jpg,191_frontal.jpg,1188000
2,3,2160,93510,310_bathroom.jpg,310_kitchen.jpg,310_bedroom.jpg,310_frontal.jpg,409900
3,3,2100,92692,260_bathroom.jpg,260_kitchen.jpg,260_bedroom.jpg,260_frontal.jpg,700200
2.5,3,2445,91901,106_bathroom.jpg,106_kitchen.jpg,106_bedroom.jpg,106_frontal.jpg,699000
2,4,2128,81524,54_bathroom.jpg,54_kitchen.jpg,54_bedroom.jpg,54_frontal.jpg,249900
2,2,1440,92276,390_bathroom.jpg,390_kitchen.jpg,390_bedroom.jpg,390_frontal.jpg,154500
3,4,3343,36372,2_bathroom.jpg,2_kitchen.jpg,2_bedroom.jpg,2_frontal.jpg,865200
2,3,1410,93446,481_bathroom.jpg,481_kitchen.jpg,481_bedroom.jpg,481_frontal.jpg,330000
2,2,1152,92276,360_bathroom.jpg,360_kitchen.jpg,360_bedroom.jpg,360_frontal.jpg,97500
2,3,2034,81418,50_bathroom.jpg,50_kitchen.jpg,50_bedroom.jpg,50_frontal.jpg,415000
2,2,1440,92276,420_bathroom.jpg,420_kitchen.jpg,420_bedroom.jpg,420_frontal.jpg,99000
2.5,4,2464,91901,81_bathroom.jpg,81_kitchen.jpg,81_bedroom.jpg,81_frontal.jpg,599000
1,2,1016,94501,206_bathroom.jpg,206_kitchen.jpg,206_bedroom.jpg,206_frontal.jpg,679000
4,4,3260,85377,35_bathroom.jpg,35_kitchen.jpg,35_bedroom.jpg,35_frontal.jpg,999000
3,4,3631,93510,431_bathroom.jpg,431_kitchen.jpg,431_bedroom.jpg,431_frontal.jpg,699900
2,3,1209,92253,264_bathroom.jpg,264_kitchen.jpg,264_bedroom.jpg,264_frontal.jpg,250000
2,4,2272,93510,428_bathroom.jpg,428_kitchen.jpg,428_bedroom.jpg,428_frontal.jpg,559000
4,4,3030,93510,455_bathroom.jpg,455_kitchen.jpg,455_bedroom.jpg,455_frontal.jpg,759000
3.5,5,3342,93510,444_bathroom.jpg,444_kitchen.jpg,444_bedroom.jpg,444_frontal.jpg,639000
2,3,1397,92276,367_bathroom.jpg,367_kitchen.jpg,367_bedroom.jpg,367_frontal.jpg,248500
2,3,2250,91901,92_bathroom.jpg,92_kitchen.jpg,92_bedroom.jpg,92_frontal.jpg,625000
2,3,1482,92276,340_bathroom.jpg,340_kitchen.jpg,340_bedroom.jpg,340_frontal.jpg,158888
3,4,2353,94531,516_bathroom.jpg,516_kitchen.jpg,516_bedroom.jpg,516_frontal.jpg,458000
3,3,1894,81524,53_bathroom.jpg,53_kitchen.jpg,53_bedroom.jpg,53_frontal.jpg,449000
2,2,1040,92276,346_bathroom.jpg,346_kitchen.jpg,346_bedroom.jpg,346_frontal.jpg,59900
2,4,2250,93314,265_bathroom.jpg,265_kitchen.jpg,265_bedroom.jpg,265_frontal.jpg,310000
3,4,2951,92880,242_bathroom.jpg,242_kitchen.jpg,242_bedroom.jpg,242_frontal.jpg,549999
4,4,4021,85266,14_bathroom.jpg,14_kitchen.jpg,14_bedroom.jpg,14_frontal.jpg,889000
2,3,1476,93510,316_bathroom.jpg,316_kitchen.jpg,316_bedroom.jpg,316_frontal.jpg,485000
2.5,4,2620,91901,89_bathroom.jpg,89_kitchen.jpg,89_bedroom.jpg,89_frontal.jpg,619000
2,2,1536,92276,388_bathroom.jpg,388_kitchen.jpg,388_bedroom.jpg,388_frontal.jpg,69900
2.5,3,1321,91915,274_bathroom.jpg,274_kitchen.jpg,274_bedroom.jpg,274_frontal.jpg,360000
2.5,4,2508,95220,167_bathroom.jpg,167_kitchen.jpg,167_bedroom.jpg,167_frontal.jpg,699700
4,3,3312,93510,329_bathroom.jpg,329_kitchen.jpg,329_bedroom.jpg,329_frontal.jpg,759000
2.5,4,2236,94531,530_bathroom.jpg,530_kitchen.jpg,530_bedroom.jpg,530_frontal.jpg,495000
1,2,839,92677,135_bathroom.jpg,135_kitchen.jpg,135_bedroom.jpg,135_frontal.jpg,324999
2.5,4,2285,93510,307_bathroom.jpg,307_kitchen.jpg,307_bedroom.jpg,307_frontal.jpg,560000
2,2,1088,93446,485_bathroom.jpg,485_kitchen.jpg,485_bedroom.jpg,485_frontal.jpg,265000
3,5,2179,94531,521_bathroom.jpg,521_kitchen.jpg,521_bedroom.jpg,521_frontal.jpg,430000
2,4,1797,93510,320_bathroom.jpg,320_kitchen.jpg,320_bedroom.jpg,320_frontal.jpg,450000
3,5,2622,92880,244_bathroom.jpg,244_kitchen.jpg,244_bedroom.jpg,244_frontal.jpg,539900
3,5,3267,81524,55_bathroom.jpg,55_kitchen.jpg,55_bedroom.jpg,55_frontal.jpg,595999
2,2,1248,92276,364_bathroom.jpg,364_kitchen.jpg,364_bedroom.jpg,364_frontal.jpg,114500
2,3,1594,81521,51_bathroom.jpg,51_kitchen.jpg,51_bedroom.jpg,51_frontal.jpg,214900
2,4,2072,93446,497_bathroom.jpg,497_kitchen.jpg,497_bedroom.jpg,497_frontal.jpg,429900
1,2,1065,94501,175_bathroom.jpg,175_kitchen.jpg,175_bedroom.jpg,175_frontal.jpg,629000
3,3,2362,93510,446_bathroom.jpg,446_kitchen.jpg,446_bedroom.jpg,446_frontal.jpg,541000
1.5,3,1364,94501,190_bathroom.jpg,190_kitchen.jpg,190_bedroom.jpg,190_frontal.jpg,729000
2,3,2014,94531,533_bathroom.jpg,533_kitchen.jpg,533_bedroom.jpg,533_frontal.jpg,407000
2,3,1170,93446,464_bathroom.jpg,464_kitchen.jpg,464_bedroom.jpg,464_frontal.jpg,235000
2,4,1634,94501,188_bathroom.jpg,188_kitchen.jpg,188_bedroom.jpg,188_frontal.jpg,899000
2,3,1705,93446,476_bathroom.jpg,476_kitchen.jpg,476_bedroom.jpg,476_frontal.jpg,499500
3.5,3,3172,95220,170_bathroom.jpg,170_kitchen.jpg,170_bedroom.jpg,170_frontal.jpg,899900
2,3,2288,62214,59_bathroom.jpg,59_kitchen.jpg,59_bedroom.jpg,59_frontal.jpg,196000
2,3,1920,93446,475_bathroom.jpg,475_kitchen.jpg,475_bedroom.jpg,475_frontal.jpg,625000
3,4,3904,81418,49_bathroom.jpg,49_kitchen.jpg,49_bedroom.jpg,49_frontal.jpg,419000
2,2,1152,92276,345_bathroom.jpg,345_kitchen.jpg,345_bedroom.jpg,345_frontal.jpg,99900
4,4,3773,91752,236_bathroom.jpg,236_kitchen.jpg,236_bedroom.jpg,236_frontal.jpg,579000
3,5,3054,92543,253_bathroom.jpg,253_kitchen.jpg,253_bedroom.jpg,253_frontal.jpg,284900
6.5,6,5963,85262,22_bathroom.jpg,22_kitchen.jpg,22_bedroom.jpg,22_frontal.jpg,1595000
1,2,884,93510,314_bathroom.jpg,314_kitchen.jpg,314_bedroom.jpg,314_frontal.jpg,400000
3,4,2118,93446,460_bathroom.jpg,460_kitchen.jpg,460_bedroom.jpg,460_frontal.jpg,489900
2,4,1768,96019,161_bathroom.jpg,161_kitchen.jpg,161_bedroom.jpg,161_frontal.jpg,279900
3,4,2825,91752,277_bathroom.jpg,277_kitchen.jpg,277_bedroom.jpg,277_frontal.jpg,549900
2,2,951,94501,192_bathroom.jpg,192_kitchen.jpg,192_bedroom.jpg,192_frontal.jpg,538800
2,2,1152,92276,386_bathroom.jpg,386_kitchen.jpg,386_bedroom.jpg,386_frontal.jpg,84900
2,2,1248,92276,414_bathroom.jpg,414_kitchen.jpg,414_bedroom.jpg,414_frontal.jpg,50000
1,2,854,93446,492_bathroom.jpg,492_kitchen.jpg,492_bedroom.jpg,492_frontal.jpg,179000
2,3,1478,92276,344_bathroom.jpg,344_kitchen.jpg,344_bedroom.jpg,344_frontal.jpg,219900
2.5,3,2490,93510,309_bathroom.jpg,309_kitchen.jpg,309_bedroom.jpg,309_frontal.jpg,450000
3.5,4,3100,92677,131_bathroom.jpg,131_kitchen.jpg,131_bedroom.jpg,131_frontal.jpg,1499999
3.5,4,3426,91901,100_bathroom.jpg,100_kitchen.jpg,100_bedroom.jpg,100_frontal.jpg,679000
2,2,1020,92276,373_bathroom.jpg,373_kitchen.jpg,373_bedroom.jpg,373_frontal.jpg,74900
3.5,4,3029,91901,88_bathroom.jpg,88_kitchen.jpg,88_bedroom.jpg,88_frontal.jpg,825000
2,3,1939,93446,459_bathroom.jpg,459_kitchen.jpg,459_bedroom.jpg,459_frontal.jpg,575000
2,2,1344,92276,331_bathroom.jpg,331_kitchen.jpg,331_bedroom.jpg,331_frontal.jpg,154900
2.5,4,1602,94501,215_bathroom.jpg,215_kitchen.jpg,215_bedroom.jpg,215_frontal.jpg,949000
3,4,1496,93446,467_bathroom.jpg,467_kitchen.jpg,467_bedroom.jpg,467_frontal.jpg,515000
2,3,1611,92021,122_bathroom.jpg,122_kitchen.jpg,122_bedroom.jpg,122_frontal.jpg,575000
3.5,3,4229,85255,21_bathroom.jpg,21_kitchen.jpg,21_bedroom.jpg,21_frontal.jpg,1749000
2,3,2288,62214,72_bathroom.jpg,72_kitchen.jpg,72_bedroom.jpg,72_frontal.jpg,196000
2,3,1826,93446,107_bathroom.jpg,107_kitchen.jpg,107_bedroom.jpg,107_frontal.jpg,529000
1.5,3,1400,95008,271_bathroom.jpg,271_kitchen.jpg,271_bedroom.jpg,271_frontal.jpg,999000
2,3,2095,93510,436_bathroom.jpg,436_kitchen.jpg,436_bedroom.jpg,436_frontal.jpg,479000
2,2,1005,91901,103_bathroom.jpg,103_kitchen.jpg,103_bedroom.jpg,103_frontal.jpg,245900
